Image Filename,Number of Seals,Bounding Boxes
JHI_FullSurvey_75m_Flight_01_00061.JPG,1,2103.2049560546875 1622.9541015625 2129.3072509765625 1717.011962890625
JHI_FullSurvey_75m_Flight_01_00062.JPG,3,"1848.336669921875 1335.4029693603516 1919.78955078125 1398.2389373779297,","1899.8419799804688 1380.3430633544922 1919.4772338867188 1427.0452728271484,",2081.2876586914062 3759.8562622070312 2110.485870361328 3840.0
JHI_FullSurvey_75m_Flight_01_00063.JPG,4,"3858.4674224853516 362.66070556640625 3946.7119140625 404.43994140625,","3859.7987213134766 332.50042724609375 3908.8017196655273 376.4615478515625,","1774.363037109375 3574.3534545898438 1860.2484130859375 3653.4940795898438,",1821.375 3626.5013427734375 1853.755859375 3680.4058227539062
JHI_FullSurvey_75m_Flight_01_00064.JPG,2,"3960.184814453125 2579.1416511535645 4011.7470092773438 2622.9949378967285,",3959.65958404541 2607.7028770446777 4049.619903564453 2653.1713256835938
JHI_FullSurvey_75m_Flight_01_00067.JPG,2,"4949.972106933594 489.91241455078125 5038.334777832031 528.3604125976562,",5121.7124099731445 547.02783203125 5202.447807312012 583.802978515625
JHI_FullSurvey_75m_Flight_01_00068.JPG,3,"4941.088439941406 2653.3667755126953 5035.637512207031 2682.161911010742,","5074.9569091796875 2722.656036376953 5119.8516845703125 2751.0355529785156,",5120.207576751709 2722.1980590820312 5160.102523803711 2749.15234375
JHI_FullSurvey_75m_Flight_01_00151.JPG,5,"5407.727722167969 209.32586669921875 5444.070129394531 272.51123046875,","5384.726135253906 267.5052490234375 5488.5245361328125 306.9134521484375,","931.8507080078125 3727.6556396484375 981.2872924804688 3802.1060791015625,","873.2510681152344 3746.298095703125 918.8389587402344 3804.67236328125,",816.3537902832031 3710.5643310546875 923.8085021972656 3753.308349609375
JHI_FullSurvey_75m_Flight_01_00152.JPG,5,"976.6596069335938 1874.469482421875 1020.337158203125 1919.8359375,","5368.607086181641 2497.7408447265625 5473.490936279297 2534.053466796875,","5391.365478515625 2438.3741455078125 5427.962646484375 2500.3897705078125,","879.130615234375 1920.054817199707 925.71826171875 1971.1741485595703,",977.6017761230469 1920.0 1003.8762512207031 1964.6278800964355
JHI_FullSurvey_75m_Flight_01_00257.JPG,12,"3534.0422973632812 236.7332763671875 3605.3391723632812 333.0665283203125,","3464.120361328125 258.646728515625 3515.8212890625 340.89544677734375,","2117.9638061523438 1612.9424438476562 2151.4776306152344 1692.4797973632812,","2158.80517578125 1624.4729919433594 2198.4729614257812 1671.4510803222656,","1995.9605560302734 2759.0914306640625 2070.4869995117188 2851.581756591797,","2041.688232421875 2764.6963958740234 2096.9684143066406 2806.924575805664,","4533.079128265381 2747.091522216797 4632.933898925781 2805.3082885742188,","622.716552734375 905.6426391601562 639.602294921875 969.4801635742188,","2197.8854370117188 871.4404296875 2301.8355102539062 913.6939392089844,","2654.46199798584 704.7621917724609 2745.8963317871094 750.6866149902344,","2712.335922241211 744.1641235351562 2770.932846069336 771.8323059082031,",640.0 915.5398864746094 667.4298896789551 993.5101013183594
JHI_FullSurvey_75m_Flight_01_00258.JPG,8,"3778.9883422851562 2480.280517578125 3836.9750366210938 2560.0,","3703.2835998535156 2508.8819580078125 3746.8582763671875 2559.7437744140625,","2467.5770874023438 3133.2537841796875 2559.6312866210938 3174.013671875,","2910.1597900390625 2961.774658203125 2999.709228515625 3007.6103515625,","2967.2820739746094 2998.6002197265625 3026.015838623047 3023.945068359375,","942.5703735351562 3200.4109802246094 989.4473876953125 3258.292793273926,","2409.9047241210938 3850.974822998047 2445.4846801757812 3938.2075958251953,",2451.362060546875 3868.4440383911133 2489.382080078125 3911.6902465820312
JHI_FullSurvey_75m_Flight_01_00310.JPG,9,"3903.854049682617 1356.7770538330078 3921.7574462890625 1393.9325103759766,","195.0441436767578 2777.518310546875 243.03846740722656 2844.2622680664062,","2684.699249267578 2821.7744750976562 2752.6028442382812 2891.012451171875,","894.1455993652344 2770.6615295410156 936.0242614746094 2851.9679260253906,","943.2545776367188 2781.2625885009766 981.4465942382812 2871.677734375,","1667.9959411621094 3812.2100830078125 1705.6983947753906 3839.8487548828125,","1590.398681640625 3856.920913696289 1620.6497192382812 3933.6939392089844,","1679.6558837890625 3840.3267555236816 1707.5950927734375 3876.0213317871094,",1406.132667541504 875.2659912109375 1492.3321838378906 971.0365600585938
JHI_FullSurvey_75m_Flight_01_00313.JPG,8,"2231.0645141601562 1822.7561645507812 2320.5745239257812 1882.0415649414062,","3890.3758125305176 1476.5159301757812 3948.248031616211 1511.0557250976562,","4191.961608886719 1366.0939636230469 4222.032775878906 1444.2758026123047,","1084.5663452148438 1960.966323852539 1120.5762939453125 2027.2629852294922,","1120.92529296875 1920.0 1161.74755859375 1998.038330078125,","5049.701110839844 3926.0579681396484 5099.011535644531 3960.2295989990234,","3564.9772338867188 1146.7765502929688 3624.2289428710938 1229.0717163085938,",3620.1724243164062 1133.2007446289062 3658.38671875 1203.8936157226562
JHI_FullSurvey_75m_Flight_01_00317.JPG,6,"2774.2315063476562 1377.9119262695312 2852.1200561523438 1418.3932189941406,","676.4578628540039 3128.8845825195312 747.8879470825195 3199.4507446289062,","2987.8828735351562 3615.5368041992188 3047.755615234375 3642.4862670898438,","2937.7993774414062 3599.0308532714844 3009.3582153320312 3666.545440673828,","1175.254638671875 3336.374298095703 1253.279052734375 3378.158416748047,",1070.8895874023438 3395.0281372070312 1166.2518310546875 3428.0353393554688
JHI_FullSurvey_75m_Flight_01_00320.JPG,14,"4660.31999206543 53.08860778808594 4686.704208374023 124.29486083984375,","4690.52490234375 82.86054992675781 4721.94140625 166.7867431640625,","5372.818557739258 401.53411865234375 5456.794494628906 457.69818115234375,","5362.152770996094 383.7681884765625 5432.7431640625 420.352783203125,","3453.767608642578 1730.13427734375 3484.934539794922 1809.6114501953125,","2334.660888671875 2436.0255126953125 2364.23486328125 2500.7099609375,","3637.31103515625 1920.271411895752 3678.017822265625 1981.3775672912598,","1196.09326171875 2409.924835205078 1258.025634765625 2463.397705078125,","880.7249755859375 1921.0519790649414 938.9252319335938 2000.4767227172852,","807.7445983886719 1920.0 865.8697814941406 1952.0414352416992,","1231.0457153320312 2321.7974853515625 1276.0746459960938 2397.2730712890625,","2123.506866455078 3284.185821533203 2236.084930419922 3336.7364044189453,","277.9775390625 670.6833839416504 323.49566650390625 751.1035766601562,",5600.581298828125 1169.5021362304688 5640.318786621094 1236.8198852539062
JHI_FullSurvey_75m_Flight_01_00321.JPG,14,"3105.4468994140625 321.6517333984375 3191.537841796875 357.2637939453125,","3200.0 299.5546569824219 3222.515480041504 367.7029724121094,","2387.739013671875 1847.56396484375 2423.6158447265625 1898.347412109375,","2562.042594909668 1638.8023071289062 2624.1107635498047 1735.7195434570312,","5760.0 1626.1573486328125 5796.64860534668 1689.120849609375,","4435.2022705078125 2261.4973754882812 4460.8199462890625 2330.0597534179688,","4480.208759307861 2293.6242065429688 4494.627540588379 2384.9894409179688,","46.016326904296875 2794.781219482422 93.50926208496094 2880.292510986328,","5120.0 2612.3644371032715 5209.051422119141 2663.630096435547,","5124.478988647461 2590.64652633667 5181.084899902344 2618.5363807678223,","5336.365661621094 3364.337371826172 5375.670166015625 3430.493927001953,","3242.892135620117 3894.5225677490234 3269.497039794922 3972.578384399414,","5695.01611328125 1180.4088745117188 5731.554443359375 1279.9174194335938,",5639.7647705078125 1232.4193115234375 5702.714111328125 1263.4796142578125
JHI_FullSurvey_75m_Flight_01_00322.JPG,11,"3139.8101196289062 2536.52197265625 3164.3629760742188 2559.8804931640625,","4365.7998046875 2092.8530883789062 4476.2216796875 2141.4686584472656,","4372.621887207031 2136.490966796875 4432.089294433594 2172.8111572265625,","4826.315612792969 2475.85693359375 4873.143737792969 2496.884765625,","5277.501312255859 2037.7347869873047 5306.947235107422 2104.787643432617,","3049.6280517578125 2560.779323577881 3132.572509765625 2590.6037883758545,","3140.92578125 2560.299098968506 3162.985595703125 2600.9803886413574,","5603.22607421875 3465.3709716796875 5639.450988769531 3561.5513916015625,","5545.201416015625 3507.8805236816406 5609.0634765625 3534.633331298828,","2481.932861328125 3841.0819091796875 2542.0572509765625 3933.7112579345703,",5633.085510253906 3876.911834716797 5693.351989746094 3957.211669921875
JHI_FullSurvey_75m_Flight_01_00323.JPG,4,"2284.0067138671875 157.63351440429688 2363.349365234375 210.70693969726562,","2236.2669372558594 286.34295654296875 2298.037567138672 318.56793212890625,","2034.1965255737305 1528.0957336425781 2069.744140625 1594.8072814941406,",5528.23583984375 3673.3676147460938 5556.8270263671875 3741.7184448242188
JHI_FullSurvey_75m_Flight_01_00324.JPG,3,"2578.401092529297 2384.3040771484375 2648.6094284057617 2435.3270874023438,","2271.3899841308594 3716.6197509765625 2300.6827087402344 3777.0987548828125,",1788.3592224121094 683.5941734313965 1858.4456787109375 778.4767456054688
JHI_FullSurvey_75m_Flight_01_00337.JPG,5,"3296.1365814208984 3657.5667114257812 3351.4302825927734 3691.8966674804688,","3289.116653442383 3618.1318359375 3377.414566040039 3650.5679321289062,","4308.577697753906 3780.5052490234375 4350.4512939453125 3839.9849853515625,","4275.662017822266 3798.07275390625 4304.784454345703 3839.734375,",4302.401794433594 3840.173454284668 4343.380920410156 3869.478042602539
JHI_FullSurvey_75m_Flight_01_00360.JPG,10,"2493.1085205078125 2405.5331115722656 2554.7540283203125 2488.7381591796875,","2092.873565673828 1945.250244140625 2154.942901611328 1985.4529418945312,","2076.6229858398438 1963.9066886901855 2146.789276123047 2036.0161590576172,","2457.6728515625 2396.3269653320312 2522.22509765625 2422.0377807617188,","2810.9503173828125 3006.9437866210938 2867.582275390625 3090.6055297851562,","2874.7943115234375 3043.0437622070312 2913.5 3100.0698852539062,","3132.420166015625 3200.0 3180.478515625 3248.2609252929688,","4369.5404052734375 667.0400772094727 4420.8448486328125 754.4228744506836,","4445.0928955078125 712.0420227050781 4479.6287841796875 743.5204162597656,",4480.075914382935 715.047233581543 4509.508373260498 749.7018051147461
JHI_FullSurvey_75m_Flight_01_00361.JPG,2,"4345.456481933594 2855.529052734375 4392.485778808594 2934.3259887695312,",4417.8599853515625 2891.9962768554688 4479.626708984375 2927.6555786132812
JHI_FullSurvey_75m_Flight_01_00364.JPG,14,"2489.6324462890625 174.16744995117188 2559.6458740234375 218.94180297851562,","3276.9153442382812 432.40216064453125 3331.4158935546875 494.53338623046875,","4116.648376464844 123.6275634765625 4147.311340332031 199.33599853515625,","4571.465179443359 0.07119369506835938 4606.730087280273 30.22945213317871,","2026.1845703125 1611.0614318847656 2072.2728576660156 1663.8306579589844,","2595.380859375 2338.04248046875 2642.293167114258 2449.5203857421875,","2469.662109375 3030.8482055664062 2517.7344970703125 3105.4768676757812,","475.02862548828125 3592.2545166015625 532.2747192382812 3650.8914794921875,","18.219566345214844 3912.564727783203 84.70600128173828 3945.5963134765625,","13.195123672485352 3880.3841705322266 62.319602966308594 3903.723678588867,","2171.144317626953 1014.8096923828125 2225.800506591797 1058.16015625,","2215.3045043945312 982.0952758789062 2256.8438110351562 1082.4844360351562,","3116.9105224609375 835.7724609375 3149.8931884765625 886.4660034179688,",3090.114501953125 856.2533111572266 3119.6060791015625 960.0887451171875
JHI_FullSurvey_75m_Flight_01_00365.JPG,22,"4068.677032470703 369.6409912109375 4103.739715576172 448.36737060546875,","1101.8515014648438 436.64056396484375 1136.8872680664062 505.28143310546875,","888.9252471923828 145.4160919189453 980.2875366210938 196.50047302246094,","1207.7446899414062 1300.480094909668 1257.7258911132812 1357.4712219238281,","1218.8697509765625 1311.2909088134766 1279.8580322265625 1396.1659240722656,","1552.6148071289062 2095.9724731445312 1608.8458862304688 2161.7852478027344,","2456.9144287109375 2369.891845703125 2542.0418701171875 2418.6768798828125,","2509.3984375 2324.3595581054688 2541.457763671875 2388.0092163085938,","4058.866180419922 2329.4204711914062 4086.8865661621094 2411.1697387695312,","4501.063280105591 2146.107696533203 4533.309432983398 2224.4165954589844,","2173.320816040039 3159.6901245117188 2213.0404052734375 3199.4943237304688,","3068.0907592773438 3020.4859008789062 3099.4932250976562 3068.2542114257812,","3042.362548828125 3037.0126037597656 3070.414306640625 3135.9884033203125,","3229.2231826782227 2624.099319458008 3283.1856231689453 2687.3831634521484,","2184.91552734375 3200.591672897339 2216.5335693359375 3263.855941772461,","2132.012237548828 3200.1456451416016 2186.4423828125 3231.089084625244,","1878.291015625 1120.7539672851562 1919.7763671875 1152.3156127929688,","2148.70849609375 1189.62255859375 2191.934326171875 1236.89697265625,","1920.0357284545898 1118.96923828125 1974.0318069458008 1149.9986572265625,","1921.6946716308594 1151.674072265625 1984.2282257080078 1177.4134521484375,","3875.1089630126953 640.1214828491211 3915.1192016601562 720.7000350952148,",3909.685745239258 679.9459533691406 3952.771469116211 726.1116409301758
JHI_FullSurvey_75m_Flight_01_00366.JPG,22,"4880.738494873047 86.6700439453125 4989.218780517578 151.4500732421875,","5027.918212890625 148.13690185546875 5074.487548828125 231.09637451171875,","5077.373474121094 106.23936462402344 5118.162414550781 197.30589294433594,","4988.428771972656 143.77395629882812 5020.999572753906 211.92486572265625,","574.2957763671875 1280.0 615.56787109375 1330.9767227172852,","3337.4639282226562 1443.760238647461 3425.0225219726562 1517.1090545654297,","3933.9869537353516 1448.1570739746094 3970.7019805908203 1526.5932922363281,","4853.324768066406 2030.2823791503906 4920.704284667969 2066.9531860351562,","837.649169921875 2354.576904296875 930.3131103515625 2409.1885986328125,","3780.989013671875 2845.835968017578 3829.819580078125 2940.263214111328,","3976.7129516601562 2599.5523071289062 4011.92626953125 2679.212905883789,","3840.0 2900.5548706054688 3855.9198141098022 2942.8726196289062,","4349.337707519531 3097.353759765625 4389.708801269531 3159.504150390625,","1037.8165893554688 2638.6361694335938 1085.9556884765625 2700.558303833008,","1817.5787353515625 3317.3401489257812 1912.4346923828125 3350.7439880371094,","1859.3297119140625 3346.110565185547 1918.0518798828125 3371.0623474121094,","2084.3284759521484 3384.1612243652344 2127.0243072509766 3435.3504333496094,","1148.00634765625 3474.7267456054688 1196.628173828125 3533.3218383789062,","1169.6912841796875 3484.5892944335938 1230.8402099609375 3578.2305297851562,","1506.8381958007812 966.97998046875 1572.8612060546875 998.234130859375,","3841.652359008789 805.4863891601562 3921.480911254883 864.9237060546875,",3937.067657470703 785.7537231445312 3960.6361389160156 854.19287109375
JHI_FullSurvey_75m_Flight_01_00367.JPG,12,"3905.781982421875 168.5746612548828 3992.9725036621094 253.93150329589844,","3748.255859375 1508.0933685302734 3809.1610107421875 1533.0723419189453,","4902.442565917969 1665.2848510742188 4979.925720214844 1730.6118774414062,","5008.240173339844 2337.3819580078125 5116.420593261719 2404.693359375,","5156.8039474487305 2398.2183227539062 5202.51229095459 2481.1824340820312,","5206.389709472656 2359.18896484375 5249.9482421875 2448.223876953125,","5120.0 2392.9075317382812 5145.864017486572 2455.7011108398438,","4057.8411407470703 3019.0498657226562 4081.742446899414 3084.2809448242188,","3972.824676513672 3039.8388061523438 4044.0960998535156 3092.9689331054688,","3458.1722106933594 3635.7168579101562 3552.635528564453 3713.4466552734375,","4044.3231201171875 3647.1425170898438 4078.945068359375 3728.6279296875,",770.9289855957031 3406.163818359375 807.9076232910156 3484.2826538085938
JHI_FullSurvey_75m_Flight_01_00370.JPG,18,"3024.254150390625 91.77151489257812 3100.4208374023438 147.98944091796875,","3067.50732421875 76.81968688964844 3130.2652587890625 103.91488647460938,","4393.0430908203125 38.3177490234375 4456.9849853515625 122.84080505371094,","5350.274658203125 175.86737060546875 5389.9859619140625 244.83468627929688,","5847.6527099609375 2071.9024658203125 5906.101959228516 2139.993377685547,","5814.392093658447 2103.3701782226562 5880.479888916016 2146.9266967773438,","1640.6551513671875 2617.7991790771484 1673.7596435546875 2720.043960571289,","1668.13427734375 2676.209785461426 1698.718017578125 2740.7222290039062,","336.204833984375 3404.5442504882812 374.4949951171875 3502.0426330566406,","3782.531982421875 3786.6001586914062 3819.105712890625 3839.6760864257812,","3807.4082641601562 3773.81689453125 3839.6012573242188 3828.7115478515625,","5683.599914550781 3593.097869873047 5759.862609863281 3653.9969177246094,","5722.897399902344 3551.6185302734375 5758.493591308594 3628.649658203125,","1161.134033203125 3724.0870361328125 1258.552734375 3758.3739013671875,","1253.9296875 3648.7763061523438 1279.6497802734375 3724.0804443359375,","3788.7142333984375 3840.0 3829.95703125 3882.450523376465,","1925.6856002807617 927.368408203125 1992.8779373168945 976.26220703125,",2053.6089477539062 969.7876892089844 2134.0438232421875 1009.9606018066406
JHI_FullSurvey_75m_Flight_01_00371.JPG,17,"779.4663391113281 603.7450561523438 820.1434020996094 639.9922485351562,","4458.6358642578125 1860.3963623046875 4479.5240478515625 1906.89892578125,","5070.546875 1333.1729125976562 5114.5045166015625 1414.1661376953125,","4480.0 1869.17431640625 4513.53971862793 1919.950927734375,","5074.401123046875 1831.0022583007812 5107.617919921875 1917.3082885742188,","2928.9217834472656 2372.2943725585938 3002.194610595703 2433.3002319335938,","2970.323974609375 2356.0424194335938 3033.619140625 2381.6832885742188,","4285.123291015625 2346.6463012695312 4349.0184326171875 2421.4215698242188,","5078.9964599609375 1966.6641540527344 5119.7808837890625 2040.5236358642578,","5231.529052734375 2467.0247802734375 5262.1351318359375 2549.2164306640625,","5120.0 1999.2200469970703 5145.314218521118 2046.7652130126953,","1839.7655029296875 3173.72412109375 1895.6529541015625 3199.77685546875,","5908.697967529297 2979.7533569335938 5999.682891845703 3015.8107299804688,","1966.9959716796875 3212.74764251709 2042.666030883789 3251.6421127319336,","4609.630126953125 640.0 4658.757354736328 740.9688568115234,","5911.794219970703 640.1182346343994 5996.207244873047 664.9286651611328,",723.5839538574219 646.1193542480469 789.6692962646484 735.7015991210938
JHI_FullSurvey_75m_Flight_01_00372.JPG,21,"1649.8928833007812 322.45538330078125 1729.0001831054688 390.07855224609375,","1690.3914794921875 360.68731689453125 1719.098876953125 434.01361083984375,","1656.6648559570312 261.0106506347656 1709.3750610351562 282.6322937011719,","3171.2548828125 508.7858581542969 3199.686767578125 534.7177734375,","3174.1929931640625 469.97991943359375 3199.6878662109375 489.22760009765625,","3200.090721130371 470.510986328125 3236.697853088379 503.406494140625,","3200.0499114990234 504.9540100097656 3258.991554260254 550.5316162109375,","3040.3128662109375 1280.0 3072.4459838867188 1347.2832641601562,","3078.1298828125 1280.0 3137.72998046875 1293.9383516311646,","4191.973083496094 1746.8998413085938 4255.51416015625 1786.9318237304688,","4172.045837402344 1621.2072448730469 4215.020080566406 1716.7012634277344,","4527.335445404053 2784.958480834961 4580.013824462891 2890.8284912109375,","4504.215284347534 2783.6602172851562 4552.426452636719 2819.7134399414062,","5817.853588104248 2765.378173828125 5921.467788696289 2810.5177001953125,","5858.701278686523 2803.7428588867188 5914.658294677734 2851.5126342773438,","726.7034759521484 2752.007598876953 771.2504119873047 2803.582000732422,","676.8615417480469 2790.742889404297 737.5430755615234 2877.234405517578,","4248.0213623046875 3339.9174194335938 4266.646484375 3400.535858154297,","4974.881927490234 3470.4249877929688 5017.9908447265625 3551.6953735351562,","5019.8914794921875 3961.028045654297 5043.1998291015625 3999.5309448242188,",2255.833984375 1109.1416625976562 2297.7255859375 1195.2557983398438
JHI_FullSurvey_75m_Flight_01_00373.JPG,15,"1622.7932739257812 1837.5392456054688 1689.9028930664062 1889.8220825195312,","2175.1093139648438 1351.7676162719727 2220.1005249023438 1369.9403762817383,","3364.2536010742188 1427.5023803710938 3415.5354614257812 1458.6012573242188,","4438.998596191406 1280.3111209869385 4456.457702636719 1308.7040271759033,","1699.1486206054688 2485.75537109375 1779.3674926757812 2544.925537109375,","1933.2790756225586 1940.35205078125 1975.7103729248047 2007.0010223388672,","3209.9015350341797 2632.821548461914 3274.2770614624023 2667.902603149414,","3206.637596130371 2670.2396697998047 3296.458251953125 2715.269058227539,","2306.3805541992188 3249.577392578125 2345.9647827148438 3336.7034606933594,","3077.078857421875 3419.7699279785156 3107.23291015625 3496.220184326172,","3113.4000244140625 3420.477783203125 3171.177490234375 3443.3247680664062,","4198.318328857422 3766.6279907226562 4242.171051025391 3840.0,","4216.027648925781 3878.2786560058594 4281.346496582031 3920.2078857421875,","4200.3673095703125 3840.1008834838867 4238.9346923828125 3869.5997314453125,",4433.35498046875 1226.8202514648438 4460.372314453125 1280.0
JHI_FullSurvey_75m_Flight_01_00402.JPG,11,"4980.101867675781 528.0610961914062 5020.066101074219 602.5695190429688,","3149.405517578125 1308.5657348632812 3199.473388671875 1399.8608703613281,","3109.45166015625 1290.9356994628906 3134.42431640625 1364.3064880371094,","5379.911560058594 1319.1323928833008 5412.0047607421875 1388.8915786743164,","5425.317138671875 1281.2699565887451 5476.856201171875 1345.0224151611328,","5331.14453125 2237.7527770996094 5396.865814208984 2286.234832763672,","5346.040802001953 2264.7007446289062 5374.114166259766 2322.7267456054688,","1284.8126220703125 2945.324676513672 1366.9904327392578 3004.0484313964844,","1857.5770263671875 3292.416877746582 1893.8311767578125 3389.166748046875,","4250.414581298828 3629.7989501953125 4311.123504638672 3724.927001953125,",4265.673889160156 3623.2288208007812 4333.135437011719 3672.7984008789062
JHI_FullSurvey_75m_Flight_01_00438.JPG,10,"462.12799072265625 437.28125 493.65460205078125 522.83056640625,","1849.38720703125 32.51945877075195 1893.409423828125 118.51243591308594,","1803.376953125 85.27823638916016 1860.1978759765625 189.09335327148438,","1956.8191986083984 128.7081298828125 2057.555450439453 162.40203857421875,","607.6043701171875 1440.8503112792969 639.4803466796875 1539.2125549316406,","1373.6579132080078 1920.0 1427.470932006836 1988.0829010009766,","1333.7090148925781 1926.5495138168335 1399.2168426513672 1954.8259658813477,","2380.426025390625 2423.1913146972656 2447.37109375 2479.1278076171875,","587.1209716796875 3115.9862060546875 639.740478515625 3156.0474853515625,",1438.6540222167969 834.1563415527344 1467.9356994628906 908.0423278808594
JHI_FullSurvey_75m_Flight_01_00506.JPG,15,"405.44317626953125 1736.5490112304688 487.8095703125 1825.813720703125,","156.30552673339844 1620.2734375 250.8626251220703 1667.57275390625,","330.28057861328125 1697.2882690429688 373.92376708984375 1799.283203125,","1783.6000671386719 1340.5379028320312 1827.321533203125 1429.1078186035156,","1628.2572937011719 1348.2751922607422 1716.4180603027344 1381.005355834961,","1776.7909545898438 1416.8297119140625 1803.61669921875 1473.96923828125,","2832.2600708007812 1701.6991577148438 2895.0232543945312 1779.1765747070312,","2804.0659942626953 1678.6239013671875 2876.4507446289062 1710.07763671875,","1732.7981567382812 2123.6629943847656 1819.7222290039062 2154.7408752441406,","1688.9111938476562 2146.578125 1747.4529418945312 2186.825469970703,","385.7108154296875 3255.7212715148926 450.1851806640625 3309.4422760009766,","2991.828857421875 3222.2419509887695 3070.171875 3253.5410537719727,","5910.6192626953125 3247.6821784973145 5962.328430175781 3292.477340698242,","640.0 3278.135787963867 689.7717437744141 3313.5719604492188,",456.6746520996094 923.0387573242188 507.6422424316406 982.4103393554688
JHI_FullSurvey_75m_Flight_01_00507.JPG,14,"1011.0687866210938 508.48028564453125 1072.7338256835938 575.8792114257812,","1011.7738342285156 586.5909423828125 1062.7276916503906 639.8245849609375,","262.9588623046875 1763.1053466796875 356.59912109375 1797.7945556640625,","262.8635559082031 3510.825439453125 304.7630920410156 3597.16650390625,","138.22659301757812 3699.338165283203 241.87423706054688 3738.24267578125,","1869.6365966796875 3729.2056884765625 1919.7332763671875 3761.3621826171875,","2017.7168579101562 3719.8223266601562 2059.687225341797 3807.6340942382812,","2010.458740234375 3790.80419921875 2036.3783874511719 3840.0,","1920.0 3736.9957275390625 1953.393699645996 3759.8201904296875,","787.7362365722656 3332.946990966797 827.7632751464844 3402.8214416503906,","530.9248046875 3975.043670654297 600.40966796875 3999.83544921875,","2248.8014221191406 640.0372009277344 2324.270965576172 691.5045776367188,","3796.1761474609375 929.0946044921875 3839.8228759765625 965.8350219726562,",3846.283157348633 882.0950164794922 3882.145553588867 979.9629516601562
JHI_FullSurvey_75m_Flight_01_00512.JPG,11,"742.5916442871094 569.2531127929688 807.2747497558594 609.9874877929688,","702.5224761962891 572.9415893554688 738.7653350830078 639.6807250976562,","2193.6084594726562 1799.4276733398438 2229.8021240234375 1878.9085083007812,","3068.9283752441406 1579.4087219238281 3135.7940673828125 1663.2868347167969,","3062.5723571777344 1610.7119750976562 3095.3062744140625 1675.5618286132812,","730.1425704956055 2119.8799438476562 806.9176025390625 2202.251190185547,","1337.6677703857422 2774.927520751953 1378.7203521728516 2859.697296142578,","1693.0706787109375 2934.5643310546875 1725.929931640625 3025.2194213867188,","2294.7503662109375 667.1233444213867 2322.2711181640625 741.230842590332,","2285.6746215820312 640.0421180725098 2372.2471313476562 671.1740264892578,",704.0238952636719 640.1404457092285 743.8551940917969 670.526252746582
JHI_FullSurvey_75m_Flight_01_00513.JPG,10,"2409.4874267578125 515.1883544921875 2464.8602294921875 597.4503173828125,","4095.0621032714844 0.0 4140.792205810547 25.33290672302246,","11.815605163574219 1760.4098510742188 46.294044494628906 1859.3395385742188,","2184.9402465820312 2777.3309936523438 2270.5933227539062 2815.7393798828125,","2195.1904296875 2811.7874603271484 2223.1986083984375 2877.452880859375,","681.613525390625 2692.7647399902344 743.3909149169922 2721.361297607422,","641.8784561157227 2683.7574920654297 681.3612213134766 2786.2996673583984,","2938.9913330078125 3703.8807373046875 3003.337158203125 3776.70263671875,","2932.734405517578 3731.0859375 2963.535858154297 3790.944091796875,",2071.3472900390625 3898.789520263672 2109.8343505859375 3975.6756591796875
JHI_FullSurvey_75m_Flight_01_00515.JPG,10,"1719.35400390625 483.62933349609375 1749.871337890625 546.0884399414062,","3522.7171936035156 413.3836975097656 3603.3226623535156 454.5376281738281,","1016.4084777832031 77.81375122070312 1093.0011291503906 166.36077880859375,","1082.467529296875 113.38064575195312 1108.4137573242188 191.72763061523438,","297.0517883300781 2952.5999755859375 375.8127136230469 2988.9798583984375,","5541.0443115234375 2623.2008209228516 5605.0787353515625 2660.2784271240234,","5542.492126464844 2664.737762451172 5594.520202636719 2694.8704528808594,","4076.0350646972656 3922.035110473633 4110.041412353516 3979.8328399658203,","4711.633941650391 3943.7229614257812 4743.311187744141 3997.850341796875,",828.3425903320312 1046.26708984375 917.2808227539062 1118.945556640625
JHI_FullSurvey_75m_Flight_01_00516.JPG,12,"931.3880615234375 215.30050659179688 984.5291748046875 264.76055908203125,","916.7478637695312 269.1846923828125 1005.4182739257812 316.5335693359375,","3319.0743255615234 2859.6810913085938 3408.7594451904297 2901.4363403320312,","3389.853240966797 2783.857223510742 3412.5726013183594 2853.7366333007812,","3989.6854858398438 2904.8939819335938 4042.545196533203 2986.735595703125,","661.4573669433594 2922.9942932128906 705.3491058349609 3020.635223388672,","665.1472415924072 3021.3353881835938 715.3147506713867 3068.5718383789062,","1833.1138305664062 3217.3640670776367 1879.3972778320312 3288.1836166381836,","3095.3048095703125 3647.963623046875 3149.736572265625 3681.2421875,","3200.555061340332 3468.38525390625 3278.7446823120117 3506.149658203125,","3206.8044242858887 3510.09912109375 3260.8326301574707 3555.1844482421875,",5506.559020996094 3243.3708572387695 5610.326843261719 3283.6177291870117
JHI_FullSurvey_75m_Flight_01_00520.JPG,13,"1578.201416015625 541.728271484375 1652.7228393554688 610.76416015625,","1472.0463104248047 433.70819091796875 1534.4202728271484 463.14337158203125,","2044.4587478637695 579.308837890625 2068.280517578125 639.305419921875,","2061.4266357421875 598.4542236328125 2130.3455810546875 639.6099853515625,","1134.3847961425781 88.68267059326172 1177.63818359375 191.00262451171875,","3404.5911560058594 1471.6298065185547 3475.022247314453 1521.6121673583984,","27.952957153320312 2385.7352294921875 118.5369873046875 2427.5467529296875,","1393.596420288086 1929.9962921142578 1473.4048614501953 1972.5956802368164,","2019.5591430664062 3121.511474609375 2071.0697174072266 3199.922607421875,","2720.4432373046875 3041.6625366210938 2751.5928955078125 3118.3324584960938,","3909.737747192383 3876.4852142333984 4001.1393432617188 3931.5970153808594,","2121.7881469726562 927.6416625976562 2171.4215393066406 949.7071533203125,",2058.0292358398438 640.0 2102.1748046875 682.5687599182129
JHI_FullSurvey_75m_Flight_01_00524.JPG,21,"403.58599853515625 311.4278259277344 492.15093994140625 348.4931945800781,","415.271240234375 288.1216735839844 482.5313720703125 314.5053405761719,","5697.1072998046875 147.19488525390625 5759.9859619140625 205.813232421875,","5760.186061859131 167.2298126220703 5788.344535827637 221.53587341308594,","1140.4364318847656 1503.7840576171875 1174.1209716796875 1568.5369873046875,","483.74163818359375 2494.6597290039062 558.8972778320312 2522.3897094726562,","1605.1409301757812 2216.35595703125 1702.227294921875 2262.096435546875,","1618.5849609375 2172.5816650390625 1643.1102294921875 2236.0961303710938,","1430.3879699707031 2035.4500274658203 1511.2263488769531 2073.290237426758,","1494.4996948242188 2054.0594787597656 1515.5721435546875 2117.0054626464844,","672.1483459472656 2506.638671875 710.9582748413086 2553.1328125,","5542.960266113281 2591.2844848632812 5636.097717285156 2675.6809844970703,","5541.0911865234375 2690.377487182617 5624.454833984375 2719.8246002197266,","68.5107421875 3417.7051696777344 105.19842529296875 3499.9410705566406,","1727.6486206054688 3513.3535766601562 1806.3598022460938 3569.7529907226562,","1858.7122802734375 3592.3017578125 1917.3167724609375 3622.7239379882812,","1883.6199340820312 3555.3007202148438 1919.9912719726562 3594.4716186523438,","1920.4194030761719 3532.8040161132812 1976.9405212402344 3586.7813110351562,","800.5169982910156 3575.397705078125 850.3545837402344 3609.1473388671875,","759.7293853759766 3569.1712646484375 795.6441802978516 3643.75244140625,",4625.617156982422 644.861083984375 4723.595001220703 700.7156372070312
JHI_FullSurvey_75m_Flight_01_00525.JPG,15,"2564.8404998779297 81.25880432128906 2638.7415618896484 134.34068298339844,","91.80448913574219 1314.4533462524414 198.04527282714844 1360.1562423706055,","130.7686767578125 1284.2422409057617 189.354248046875 1325.0049285888672,","2560.2374000549316 1564.241455078125 2615.2492294311523 1661.5531005859375,","1409.4261169433594 2071.4227905273438 1515.4968872070312 2106.137939453125,","1419.5568542480469 2030.6468505859375 1470.0913696289062 2059.9483032226562,","4968.832702636719 2527.063232421875 5023.750671386719 2559.648681640625,","5326.040191650391 2015.6826934814453 5375.889892578125 2075.478500366211,","3971.9157104492188 2968.729736328125 4072.41064453125 3019.465576171875,","4975.982177734375 2560.0 5043.602783203125 2599.9589462280273,","428.35986328125 3766.7631225585938 468.3028564453125 3840.0,","2076.039825439453 1183.8829345703125 2126.9690856933594 1264.5902099609375,","2264.1066284179688 1115.7195434570312 2311.2273559570312 1187.133544921875,","2834.766326904297 889.2750854492188 2891.915252685547 922.3085327148438,",5561.1763916015625 881.2446594238281 5592.5986328125 966.1324157714844
JHI_FullSurvey_75m_Flight_01_00526.JPG,26,"4117.062927246094 177.68304443359375 4167.4598388671875 208.30792236328125,","4121.25048828125 71.80996704101562 4159.989501953125 164.78927612304688,","4953.017059326172 217.45333862304688 5041.676025390625 267.88311767578125,","1595.0554809570312 1611.9973754882812 1641.3472290039062 1706.3018188476562,","3017.9468383789062 1726.128173828125 3070.870361328125 1771.7724609375,","3017.8135986328125 1769.9396362304688 3101.8126831054688 1832.8251342773438,","4931.539611816406 1829.7236938476562 5001.548645019531 1916.3532104492188,","5016.04296875 1803.2267456054688 5065.136962890625 1832.8640747070312,","754.0726852416992 1387.9099502563477 804.3853149414062 1430.1257019042969,","798.1151428222656 1386.8020324707031 833.4236755371094 1480.3604736328125,","949.2215576171875 1280.0 981.8624877929688 1330.6854248046875,","3118.9949951171875 2259.9570922851562 3191.8775634765625 2315.9468383789062,","3159.4188232421875 2017.5098724365234 3199.575927734375 2054.6309204101562,","3349.6218872070312 2051.2212524414062 3408.2190856933594 2114.4248657226562,","3721.3685302734375 1920.0 3758.7313232421875 1985.7053604125977,","3200.4424591064453 2022.5686340332031 3238.786331176758 2075.9444885253906,","3840.0 2001.6981506347656 3900.560501098633 2035.2003173828125,","3920.5816345214844 1992.7720794677734 3957.6963806152344 2084.1175842285156,","3392.9946899414062 3057.4163208007812 3447.080810546875 3099.5554809570312,","2641.723419189453 3357.328338623047 2689.706771850586 3432.8355712890625,","2831.7518310546875 3283.18115234375 2871.146728515625 3370.2153930664062,","3118.404052734375 3743.8790283203125 3174.27978515625 3828.8394775390625,","4787.768615722656 3477.8973693847656 4825.923278808594 3536.063995361328,","752.3204040527344 3472.1524658203125 849.9698791503906 3516.0484619140625,","787.5372619628906 3440.5113220214844 840.9237976074219 3481.732147216797,",3465.9647827148438 1165.2451171875 3518.4232788085938 1230.863037109375
JHI_FullSurvey_75m_Flight_01_00527.JPG,20,"1889.8889770507812 111.83698272705078 1919.6146850585938 148.869140625,","2000.7679138183594 38.283111572265625 2042.5801391601562 119.12342834472656,","1920.3217430114746 90.56022644042969 1966.9504089355469 141.8293914794922,","1043.05078125 280.93438720703125 1137.6971435546875 318.28643798828125,","791.3587036132812 205.01513671875 826.6062622070312 292.24224853515625,","555.0225830078125 1591.682373046875 624.7120361328125 1624.5922241210938,","4145.401092529297 2283.4452514648438 4197.201446533203 2321.7314453125,","4149.679748535156 2178.050048828125 4187.120666503906 2279.0877685546875,","4973.26806640625 2287.2634887695312 5063.27392578125 2323.9967651367188,","3552.950958251953 3304.41739654541 3606.9373474121094 3365.4607849121094,","872.7672424316406 3648.29296875 919.7951965332031 3691.7421875,","916.00439453125 3650.4522705078125 953.1646728515625 3742.9717407226562,","1053.9354858398438 3525.5149536132812 1100.6591186523438 3576.5418090820312,","1723.4724426269531 3840.1671447753906 1771.7781066894531 3930.7337036132812,","3147.3978271484375 3865.8059062957764 3196.2774658203125 3919.822250366211,","3150.0369873046875 3916.502151489258 3199.5374755859375 3980.5852813720703,","3200.1171169281006 3914.8934631347656 3229.9531269073486 3948.704315185547,","5043.591796875 3869.352928161621 5110.4169921875 3945.2705612182617,","5122.298812866211 3840.0 5171.779747009277 3854.648048400879,",4664.560791015625 868.4363098144531 4721.210021972656 912.7753295898438
JHI_FullSurvey_75m_Flight_01_00528.JPG,21,"2167.975128173828 1896.1607055664062 2195.973175048828 1919.8527221679688,","5157.861625671387 1827.7308349609375 5197.77880859375 1890.7613525390625,","5969.190994262695 1438.3310089111328 5999.107620239258 1487.4458465576172,","1218.9022216796875 1432.8389587402344 1267.3751220703125 1489.5994873046875,","1280.0 2276.1373596191406 1311.160774230957 2295.7779846191406,","2070.6668701171875 2156.7691650390625 2148.0266723632812 2211.0455932617188,","2180.770965576172 2117.294158935547 2223.8409118652344 2193.3416442871094,","2164.005813598633 1920.0 2194.8795776367188 1975.9136924743652,","2140.2799377441406 2089.248504638672 2200.861114501953 2117.1343994140625,","4156.351806640625 2101.4733276367188 4229.864807128906 2149.1669921875,","4432.7742919921875 2099.8890991210938 4479.8409423828125 2172.3486938476562,","5004.757080078125 1920.0 5094.735107421875 1953.7958221435547,","1213.9507446289062 2275.14697265625 1279.7124633789062 2307.7200927734375,","970.8087768554688 2173.556640625 1002.99169921875 2255.528564453125,","4748.889953613281 3088.9030151367188 4786.104248046875 3188.1277465820312,","665.1095581054688 3524.6250610351562 737.4926300048828 3561.5723876953125,","323.2046203613281 1048.7984619140625 357.2629699707031 1108.8270263671875,","444.2710876464844 1086.4235229492188 477.9776916503906 1161.8751220703125,","362.6766357421875 1035.6499328613281 396.9307861328125 1137.3984680175781,","1738.1001586914062 1028.7728881835938 1836.6968383789062 1068.6400146484375,",1737.0347290039062 1064.9151306152344 1804.0423583984375 1087.9220886230469
JHI_FullSurvey_75m_Flight_01_00529.JPG,11,"5543.708251953125 2587.5783252716064 5582.1766357421875 2648.7520751953125,","162.98663330078125 3300.198959350586 195.94061279296875 3367.7562408447266,","288.65240478515625 3342.8013610839844 323.63165283203125 3418.4268493652344,","204.90438842773438 3293.5509033203125 240.36184692382812 3387.3450927734375,","1602.2875366210938 3304.444625854492 1669.7061157226562 3329.3656158447266,","1603.5703125 3271.2799224853516 1702.0379028320312 3310.784957885742,","5775.775695800781 3585.954833984375 5851.182235717773 3660.40625,","1078.8970031738281 3669.41552734375 1123.4262390136719 3728.014892578125,","1103.0646362304688 3650.5038452148438 1210.2750854492188 3687.5751342773438,","5355.577362060547 844.1572570800781 5436.873870849609 890.9722595214844,",5384.375823974609 824.7228088378906 5431.207855224609 865.2286071777344
JHI_FullSurvey_75m_Flight_01_00618.JPG,27,"501.62127685546875 61.344818115234375 574.9207153320312 138.64208984375,","400.83197021484375 362.69549560546875 445.04620361328125 414.23529052734375,","126.36473846435547 259.6321105957031 165.1614990234375 363.4775085449219,","372.31268310546875 410.5377197265625 466.62249755859375 447.4373779296875,","5704.7694091796875 230.1211395263672 5752.8909912109375 299.07928466796875,","5725.418701171875 305.4498291015625 5759.629150390625 337.1767578125,","1071.7510681152344 230.14404296875 1099.7394104003906 301.85687255859375,","1196.22021484375 263.17327880859375 1222.59716796875 328.51055908203125,","1231.24609375 262.3557434082031 1279.771484375 313.4830627441406,","387.5039367675781 1737.0586547851562 459.7570495605469 1775.8851318359375,","1488.0025024414062 1882.5989379882812 1538.7111206054688 1919.2948608398438,","2045.517593383789 1695.4852294921875 2093.2617950439453 1760.0675048828125,","2039.7740020751953 1717.7192993164062 2127.562484741211 1808.3319091796875,","1296.2471008300781 2254.1942749023438 1362.5268096923828 2286.4749145507812,","1327.5937957763672 2280.555389404297 1424.317367553711 2327.3426818847656,","1451.3137512207031 1920.210931777954 1519.4305725097656 1943.2974700927734,","645.4522705078125 1924.2974548339844 726.76904296875 1950.992877960205,","1998.3546905517578 2848.475830078125 2032.4894104003906 2948.4466552734375,","5508.869873046875 2961.6255493164062 5569.601806640625 2996.2467651367188,","5466.290222167969 2991.7439575195312 5573.255432128906 3035.0462036132812,","2620.6196899414062 3677.0413208007812 2708.66357421875 3730.7020263671875,","2852.9611206054688 3700.361328125 2884.5714721679688 3789.4608154296875,","3066.996826171875 902.6639404296875 3132.5980224609375 960.9714965820312,","3025.2815551757812 949.6513671875 3068.21044921875 1008.1044921875,","2888.0169067382812 785.9884338378906 2937.9354858398438 888.6253967285156,","774.5282287597656 975.5067749023438 827.1325378417969 1049.1836547851562,",791.103515625 1058.6618041992188 866.558349609375 1120.6288452148438
JHI_FullSurvey_75m_Flight_01_00619.JPG,30,"3892.633686065674 155.01495361328125 3967.846145629883 226.68212890625,","3881.287582397461 208.72744750976562 3922.0179748535156 271.8875732421875,","804.5391845703125 123.92082214355469 869.6782836914062 190.40452575683594,","2262.8163452148438 1414.2799072265625 2331.6212158203125 1478.8855285644531,","692.9912986755371 1818.88916015625 728.3918762207031 1903.6572265625,","528.0660400390625 2507.5025634765625 616.9884033203125 2541.8392333984375,","294.0941162109375 2350.5628051757812 328.107421875 2441.5811157226562,","551.3785400390625 2462.7523803710938 594.2044677734375 2511.6498413085938,","575.1334838867188 2432.7890625 639.6255493164062 2507.70263671875,","1320.1033096313477 2387.8241577148438 1343.7017517089844 2449.5243530273438,","1352.7023010253906 2388.6182250976562 1470.9528198242188 2450.5347290039062,","5778.006387710571 2529.4259643554688 5812.168800354004 2559.6890258789062,","1198.2637939453125 2361.753662109375 1230.224609375 2417.7694091796875,","658.352424621582 2177.4140014648438 724.433708190918 2241.8301391601562,","3084.0777587890625 3138.1090087890625 3122.0821533203125 3194.1973876953125,","3123.7320556640625 3087.4102783203125 3187.5948486328125 3157.5841064453125,","2957.2857055664062 2977.644775390625 3002.4929809570312 3074.043701171875,","5761.758155822754 2560.147018432617 5808.847496032715 2597.838005065918,","5781.520416259766 2602.0041122436523 5829.157943725586 2633.77693939209,","895.5926818847656 3056.4526977539062 947.3454284667969 3125.9447631835938,","909.7350463867188 3141.1094970703125 979.7520141601562 3197.4383544921875,","504.324462890625 3771.0648193359375 572.3096923828125 3803.5626220703125,","2107.8715209960938 3803.203369140625 2145.4124145507812 3839.941650390625,","1553.1787109375 3962.6605072021484 1610.794921875 3996.1453704833984,","1503.144287109375 3971.3824157714844 1580.488525390625 4000.006561279297,","2094.156463623047 3840.0 2166.8155822753906 3915.2342987060547,","744.4247894287109 3952.591033935547 825.5329742431641 3980.7533264160156,","557.0869140625 1132.291015625 639.939453125 1168.5546875,","3118.4552001953125 935.2392578125 3199.48681640625 978.083984375,",3081.3145141601562 1052.9088134765625 3110.2003784179688 1128.9817504882812
JHI_FullSurvey_75m_Flight_01_00621.JPG,23,"2673.5038528442383 410.34326171875 2767.020751953125 458.444580078125,","4313.152435302734 259.6447448730469 4391.7916259765625 299.7771911621094,","4268.4505615234375 293.46710205078125 4317.67431640625 325.31060791015625,","1825.1806640625 1375.091812133789 1883.83642578125 1414.6371307373047,","1370.5147552490234 1457.3108215332031 1409.5904235839844 1531.4270935058594,","1812.3764038085938 1325.6765823364258 1910.4505004882812 1385.7511367797852,","2997.5256958007812 1567.8727722167969 3069.6815795898438 1602.0693664550781,","4377.883605957031 1390.146873474121 4421.092468261719 1482.4469909667969,","4355.828125 1425.3102722167969 4383.55126953125 1500.1596374511719,","5417.795104980469 1424.6123352050781 5479.687805175781 1478.5381164550781,","5167.920455932617 1323.6805572509766 5204.096664428711 1410.4104461669922,","1307.3924865722656 2143.7188110351562 1346.9938201904297 2244.3932495117188,","1352.8924560546875 2136.0791015625 1379.0692749023438 2206.7250366210938,","4857.988525390625 1944.2643814086914 4889.15087890625 2028.651741027832,","2274.3693237304688 2737.0343627929688 2333.9474487304688 2762.1535034179688,","2257.055206298828 2666.842529296875 2360.2288513183594 2728.5938415527344,","1101.9720458984375 2731.220458984375 1196.256103515625 2778.6212768554688,","1835.9982299804688 3395.8655395507812 1877.7920532226562 3476.07373046875,","3321.1556396484375 3603.0191650390625 3366.276824951172 3690.2501831054688,","3592.2915649414062 3553.4692993164062 3681.8004760742188 3590.4684448242188,","2729.857452392578 842.5818176269531 2776.190460205078 945.4692077636719,","3712.078369140625 685.6565704345703 3779.86572265625 713.2988891601562,",3690.8147888183594 641.8172874450684 3777.5089111328125 696.4819221496582
JHI_FullSurvey_75m_Flight_01_00622.JPG,31,"2383.6622314453125 271.99554443359375 2445.0953979492188 359.64227294921875,","2538.098876953125 208.13104248046875 2559.794677734375 306.68487548828125,","4437.626953125 90.51254272460938 4479.5302734375 123.8326416015625,","4427.43701171875 0.196533203125 4479.6103515625 69.31260681152344,","4480.1431522369385 14.767913818359375 4511.587579727173 78.7926025390625,","4480.354019165039 111.24113464355469 4546.047698974609 152.1166229248047,","4481.132392883301 0.0 4549.584754943848 20.04250717163086,","4480.163665771484 82.29171752929688 4538.896995544434 120.78105163574219,","4893.7255859375 1280.2002849578857 4923.3472900390625 1307.621904373169,","2512.9520263671875 2883.0520629882812 2555.0289306640625 2933.9944458007812,","2682.3350677490234 3163.6993408203125 2730.640090942383 3199.7520751953125,","2627.095672607422 2731.847412109375 2717.6857299804688 2776.409912109375,","3613.6426391601562 2948.4442138671875 3707.7761840820312 3000.2484130859375,","3648.1193237304688 2988.8178100585938 3710.8463745117188 3015.9768676757812,","4185.950347900391 2613.754234313965 4239.614593505859 2643.7206649780273,","4232.676055908203 2577.337821960449 4311.081939697266 2614.638626098633,","1791.0303344726562 3601.6717834472656 1887.3786010742188 3663.053497314453,","1370.6063690185547 3726.6730346679688 1407.7967834472656 3801.2034301757812,","1803.6724243164062 3653.1241760253906 1857.4254760742188 3689.9762268066406,","2682.185516357422 3200.0085678100586 2715.456024169922 3246.8896560668945,","4276.2301025390625 3702.3141479492188 4302.6318359375 3766.9700317382812,","4298.5107421875 3663.9610595703125 4344.377624511719 3755.4813232421875,","5071.81640625 3596.06982421875 5110.5792236328125 3681.7850341796875,","5325.046112060547 3695.651611328125 5385.653289794922 3752.165283203125,","2947.0601196289062 3840.508689880371 3014.3005981445312 3869.72017288208,","1512.4661712646484 1209.8359375 1569.742431640625 1242.40380859375,","1572.8543701171875 1164.826416015625 1608.6937866210938 1279.098388671875,","1467.9299011230469 1243.8397216796875 1562.0471496582031 1278.9349365234375,","4866.107604980469 1225.7042846679688 4922.876892089844 1279.9307250976562,","4772.417877197266 1015.7810668945312 4803.971405029297 1099.6510620117188,",5304.340484619141 1161.9549560546875 5346.335540771484 1274.1893310546875
JHI_FullSurvey_75m_Flight_01_00624.JPG,35,"429.44207763671875 0.3658409118652344 507.80780029296875 40.609405517578125,","496.1807861328125 1.0877914428710938 554.662841796875 31.235767364501953,","2024.6242752075195 310.9495849609375 2088.6045532226562 381.242919921875,","2328.006591796875 135.5389862060547 2412.6281127929688 215.46192932128906,","2348.5435791015625 98.74493408203125 2419.4723510742188 142.17446899414062,","3763.734130859375 463.50494384765625 3829.7535400390625 502.98602294921875,","898.454345703125 72.35493469238281 957.916748046875 158.9575653076172,","960.5103454589844 0.8314285278320312 1019.0981140136719 66.47943878173828,","863.9060363769531 0.4578399658203125 903.2096252441406 68.45501708984375,","782.5786590576172 35.205448150634766 832.8715972900391 108.84295654296875,","260.5872802734375 1430.226821899414 298.3389892578125 1514.6510162353516,","139.61700439453125 2287.2154541015625 244.686279296875 2351.2237548828125,","118.83248901367188 2300.7564697265625 146.91867065429688 2370.5701904296875,","2597.6758728027344 2427.0748596191406 2689.442611694336 2477.0047607421875,","612.196533203125 2979.4832458496094 639.69580078125 2998.1224670410156,","1368.7671813964844 2841.4143676757812 1423.6004486083984 2891.1154174804688,","1413.801284790039 2889.1245727539062 1458.5200653076172 2982.0092163085938,","1684.3876953125 2985.4119873046875 1761.9176635742188 3048.07958984375,","2635.3155212402344 2560.0 2746.582000732422 2594.8231887817383,","2583.6223754882812 2560.2942657470703 2640.4721145629883 2629.3314056396484,","640.3685302734375 2977.347198486328 694.4474220275879 3003.360626220703,","2530.032470703125 3633.4609375 2556.965087890625 3699.1290283203125,","2560.370578765869 3607.083251953125 2620.1348266601562 3702.5415649414062,","2654.4379272460938 3307.9456787109375 2689.5711975097656 3352.9049377441406,","5042.531494140625 3715.0751953125 5119.461669921875 3762.035888671875,","4816.643859863281 3787.9906005859375 4844.689147949219 3839.7337646484375,","5385.789398193359 3513.5263061523438 5425.458038330078 3608.54736328125,","3914.602310180664 3865.9095134735107 4001.0948028564453 3926.4058837890625,","3870.743350982666 3918.9481353759766 3940.302734375 3997.423095703125,","4811.145263671875 3840.2549591064453 4844.353759765625 3871.2899742126465,","5293.166412353516 3982.1573638916016 5363.7603759765625 3999.2100677490234,","888.1886291503906 3918.8358459472656 922.1658020019531 3999.4431762695312,","2.6095123291015625 857.4287414550781 81.77578735351562 898.3249206542969,","3901.1323318481445 1155.2469482421875 3943.723777770996 1251.4696044921875,",5302.647155761719 680.2089653015137 5333.630920410156 741.0357208251953
JHI_FullSurvey_75m_Flight_01_00635.JPG,38,"134.17697143554688 265.4917907714844 208.00991821289062 309.5318298339844,","2954.42041015625 565.7403564453125 2990.7391357421875 639.889892578125,","2910.5567626953125 474.79376220703125 2973.1298217773438 548.4484252929688,","3601.4207763671875 115.75922393798828 3706.5194091796875 167.60040283203125,","3671.480712890625 79.56416320800781 3710.98291015625 145.33056640625,","566.3572998046875 1619.5663146972656 639.6597900390625 1656.6178283691406,","607.692138671875 1559.6621704101562 631.5234375 1618.7052612304688,","231.64256286621094 2391.3798217773438 286.1715087890625 2476.0820922851562,","161.44009399414062 2496.6072387695312 210.31533813476562 2559.7488403320312,","1591.1028137207031 1920.760757446289 1624.1070861816406 1990.9299926757812,","1467.8675842285156 1928.8243713378906 1522.6516418457031 2019.065689086914,","159.7135009765625 2560.1012783050537 197.32781982421875 2589.578100204468,","201.26821899414062 2560.1010932922363 236.62893676757812 2598.8109703063965,","2598.720600128174 3080.917724609375 2664.6300506591797 3144.48681640625,","2561.4600791931152 3167.8286743164062 2615.783981323242 3200.0,","553.909912109375 3473.7728881835938 591.33056640625 3544.8637084960938,","2466.5045166015625 3207.5049362182617 2545.2811279296875 3285.7059478759766,","2563.4203338623047 3201.172866821289 2634.4615478515625 3275.5082244873047,","2560.0 3200.185049057007 2599.713493347168 3227.4269847869873,","552.1078491210938 3966.7717666625977 625.7825317382812 3996.336395263672,","226.7189178466797 1077.7888793945312 326.23162841796875 1135.3888549804688,","238.20767211914062 1197.2060546875 304.7688903808594 1222.289306640625,","300.3249206542969 1143.3906860351562 371.2669982910156 1222.6260375976562,","548.639404296875 798.7142639160156 627.063720703125 852.5224914550781,","2963.018096923828 680.3504028320312 3016.117645263672 754.55908203125,","2944.9573974609375 863.1349487304688 3000.0858154296875 920.4607543945312,","2762.0970764160156 640.0 2845.4598999023438 678.6593627929688,","2807.1360778808594 677.9940643310547 2876.3731384277344 754.6809539794922,","2812.0914001464844 723.9885864257812 2863.888458251953 799.3961791992188,","2860.5047607421875 640.0 2933.7008056640625 697.2279396057129,","2942.179443359375 640.2486457824707 2978.9769287109375 670.2702941894531,","3524.116668701172 723.6306610107422 3601.086700439453 749.9429473876953,","3519.8619384765625 737.6732482910156 3627.5982666015625 780.5375366210938,","4923.591979980469 1081.1527099609375 4971.269348144531 1149.5868530273438,","4940.674865722656 1108.4810180664062 5018.040100097656 1208.3948364257812,","5350.04931640625 1198.6104736328125 5416.5516357421875 1279.1051025390625,","5315.275573730469 1184.2353515625 5340.222229003906 1246.2930908203125,",5760.0 853.6084899902344 5838.368034362793 888.6247863769531
JHI_FullSurvey_75m_Flight_01_00636.JPG,38,"183.93470764160156 424.3870544433594 226.5805206298828 503.6282653808594,","1612.4713134765625 121.1847915649414 1687.443603515625 179.50692749023438,","2599.452751159668 192.32598876953125 2629.7361602783203 273.1729736328125,","0.0 1280.6929397583008 34.202693939208984 1343.572135925293,","3538.9628295898438 1613.7671508789062 3620.4772338867188 1663.4114379882812,","731.8440246582031 1372.5201721191406 795.8864898681641 1421.3969116210938,","714.0767211914062 1332.4208679199219 791.2174987792969 1419.4175415039062,","465.0771484375 2035.7568817138672 536.2622680664062 2099.5679779052734,","452.65252685546875 1945.3732147216797 513.3718872070312 2037.810775756836,","514.45263671875 1982.5805969238281 537.4755859375 2041.7421112060547,","3389.7037658691406 2443.86767578125 3493.2671508789062 2492.64404296875,","3457.925811767578 2408.1697998046875 3496.373077392578 2473.6878662109375,","298.5249938964844 3066.4017944335938 381.0347595214844 3124.2460327148438,","2650.1927185058594 2950.0587768554688 2724.638427734375 3018.4456176757812,","2764.711700439453 3004.50927734375 2806.7862854003906 3079.02978515625,","2733.0546875 2891.2813720703125 2782.4228515625 2989.3870849609375,","2709.6026611328125 2797.108612060547 2763.796844482422 2868.945343017578,","2560.0 2949.8780517578125 2637.2946853637695 2994.8648681640625,","2606.269271850586 3038.079833984375 2656.672653198242 3111.7745361328125,","2599.166435241699 2996.4581298828125 2667.6232986450195 3070.37255859375,","3310.007125854492 3045.9280395507812 3386.7433319091797 3072.8825073242188,","3308.3574142456055 3059.387451171875 3411.3440551757812 3097.8192138671875,","5481.261779785156 3184.01123046875 5539.736511230469 3199.642333984375,","0.0 3345.1041412353516 63.337284088134766 3404.0875396728516,","34.00935363769531 3406.936737060547 111.02964782714844 3491.746063232422,","0.1581268310546875 3461.910858154297 41.54413986206055 3489.242462158203,","2736.3172607421875 3200.1537895202637 2787.2634887695312 3234.1055221557617,","4672.5435791015625 3398.525909423828 4719.127960205078 3468.316680908203,","4688.041229248047 3428.6409454345703 4762.114532470703 3521.5372924804688,","5052.162902832031 3501.7716674804688 5076.228088378906 3569.6019897460938,","5086.6519775390625 3527.6348876953125 5119.6317138671875 3573.754638671875,","5120.065017700195 3537.969696044922 5150.503845214844 3597.961639404297,","5469.659729003906 3200.0623092651367 5551.895080566406 3220.8369522094727,","345.7738037109375 3840.0 370.9476318359375 3890.712448120117,","301.15399169921875 3891.5063095092773 400.14605712890625 3929.794334411621,","1409.2386779785156 817.1539916992188 1492.7355651855469 847.5419311523438,","3888.05558013916 674.3638000488281 3924.8857192993164 763.9208679199219,",3856.6768798828125 723.2009735107422 3891.6474227905273 778.8244934082031
JHI_FullSurvey_75m_Flight_01_00641.JPG,31,"1870.46923828125 0.0 1909.157470703125 60.199928283691406,","2120.468719482422 143.33755493164062 2208.131378173828 208.77664184570312,","2275.9749145507812 168.9053955078125 2303.0425415039062 250.81396484375,","2477.5139770507812 377.48028564453125 2494.0736694335938 406.92718505859375,","3155.05908203125 72.76019287109375 3199.488037109375 114.1435546875,","1925.915283203125 1475.883544921875 2004.0524215698242 1503.0545959472656,","5195.615905761719 1407.100959777832 5229.831756591797 1502.3117065429688,","5231.774795532227 1422.1269836425781 5255.294769287109 1483.4512023925781,","5280.881439208984 1714.5477294921875 5384.828674316406 1753.014892578125,","5170.769718170166 1827.1973266601562 5247.204650878906 1859.6831665039062,","640.311149597168 1457.61083984375 687.2720108032227 1513.698974609375,","4296.632629394531 2234.6762084960938 4377.7535400390625 2291.5956420898438,","4350.159240722656 2054.4885864257812 4410.482849121094 2120.8974609375,","4375.006591796875 2211.8207397460938 4396.77001953125 2274.5349731445312,","4480.020950317383 2184.076141357422 4513.666637420654 2215.573699951172,","5154.340591430664 2210.4638061523438 5194.886077880859 2295.7274780273438,","4748.4256591796875 2799.265106201172 4796.9310302734375 2859.670135498047,","5275.750823974609 3047.9061279296875 5309.425537109375 3124.919677734375,","5701.568664550781 2599.126136779785 5743.075988769531 2663.4396438598633,","5315.679428100586 3124.790771484375 5348.496109008789 3199.793701171875,","5937.593414306641 2560.0 5999.764312744141 2605.730609893799,","0.7509918212890625 3434.1270294189453 87.49465942382812 3488.1001586914062,","3200.0 3255.705123901367 3260.6414527893066 3301.415008544922,","4369.3914794921875 3741.8526611328125 4401.5908203125 3802.7510986328125,","4397.5909423828125 3755.66259765625 4438.01123046875 3837.09130859375,","5231.006378173828 3255.8113021850586 5277.540069580078 3323.9030990600586,","223.06979370117188 1168.4830932617188 272.3846130371094 1238.8504028320312,","3122.373779296875 853.6433410644531 3164.16455078125 928.0713195800781,","3115.196533203125 955.3830871582031 3191.927490234375 987.1853942871094,","714.071533203125 967.8652038574219 792.8797912597656 998.8011169433594,",814.7194061279297 1153.9869384765625 889.5734405517578 1187.1715087890625
JHI_FullSurvey_75m_Flight_01_00642.JPG,29,"2101.0098419189453 107.90565490722656 2165.1099395751953 162.04884338378906,","592.89990234375 1394.1050338745117 639.575439453125 1424.6390380859375,","3566.4420776367188 1720.6899108886719 3625.451416015625 1775.5401306152344,","4547.534759521484 1821.6748046875 4620.233062744141 1870.4090576171875,","640.0596237182617 1384.361068725586 671.8951606750488 1420.5546112060547,","175.2896728515625 1953.379020690918 229.6527099609375 2002.4895095825195,","2320.81103515625 2280.6337890625 2347.70263671875 2356.0220947265625,","2165.8305053710938 2246.1498413085938 2255.9116821289062 2313.1719360351562,","1925.2031173706055 2073.0276794433594 1966.3451309204102 2150.9271850585938,","3200.059341430664 2206.171844482422 3281.7154541015625 2239.1495666503906,","3135.079345703125 2963.4343872070312 3179.305419921875 3035.8955688476562,","3105.106201171875 3063.2994689941406 3194.636474609375 3094.4105224609375,","773.7394714355469 3005.6243591308594 852.9393005371094 3033.0498962402344,","297.9310302734375 3200.0339012145996 341.78424072265625 3246.5072479248047,","1951.1351470947266 3527.8612060546875 2025.8609771728516 3553.54248046875,","5170.473247528076 3543.4115600585938 5203.896560668945 3628.9539794921875,","5204.13117980957 3555.1349182128906 5229.73356628418 3614.4913635253906,","679.7761383056641 3466.8824157714844 739.5307464599609 3538.3907775878906,","870.9893188476562 3200.1727867126465 940.841064453125 3223.0556678771973,","5130.135902404785 3947.62744140625 5212.6281661987305 3984.227081298828,","5252.213104248047 3842.087459564209 5345.5482177734375 3881.4441833496094,","1550.2937927246094 848.3511352539062 1596.1941833496094 900.9277954101562,","1539.2406005859375 912.1998596191406 1635.7701416015625 955.3108215332031,","3213.6626739501953 952.3676452636719 3288.0818634033203 983.4486999511719,","4021.2424926757812 1180.2068481445312 4119.461639404297 1236.7924194335938,","4207.9661865234375 865.756103515625 4254.978515625 948.294677734375,","4124.13720703125 1193.28125 4161.168212890625 1260.837890625,","4378.26318359375 1215.0077514648438 4441.2861328125 1280.0,",4276.1787109375 1172.0565185546875 4349.159912109375 1231.3818359375
JHI_FullSurvey_75m_Flight_01_00731.JPG,15,"1348.1765594482422 56.01314926147461 1434.9465637207031 89.79226684570312,","1953.2282447814941 597.8010864257812 2040.6151428222656 640.0,","1060.5950927734375 554.0289916992188 1154.7305908203125 603.9996948242188,","1070.7692260742188 603.1735229492188 1133.8535766601562 633.4544067382812,","2406.2822265625 1474.4414978027344 2458.3714599609375 1520.0183410644531,","2348.2047424316406 1432.4456634521484 2390.3067932128906 1516.5817108154297,","4273.57177734375 1980.0073623657227 4349.90283203125 2038.200325012207,","4373.3218994140625 1939.4719371795654 4462.5135498046875 1987.488021850586,","4229.6243896484375 1926.5235977172852 4327.7479248046875 1970.930290222168,","640.0 2453.8446044921875 694.6986465454102 2485.5240478515625,","640.2211751937866 2397.9795532226562 653.2789516448975 2465.2850952148438,","406.60845947265625 1216.2357788085938 503.34552001953125 1259.4896850585938,","2065.891845703125 684.8771133422852 2092.5767211914062 743.653205871582,","3884.4402465820312 869.5808715820312 3976.4979248046875 914.5473022460938,",3857.6086196899414 888.7322387695312 3887.8759231567383 969.745849609375
JHI_FullSurvey_75m_Flight_01_00736.JPG,10,"2169.7779235839844 252.3223876953125 2222.3401794433594 292.22784423828125,","2214.0086364746094 242.94281005859375 2255.7217712402344 332.82550048828125,","3454.021255493164 2099.1466369628906 3506.740966796875 2142.8865661621094,","3489.1607666015625 2026.8498840332031 3521.44970703125 2120.966766357422,","4886.369140625 2180.05908203125 4910.23828125 2246.3983764648438,","4756.358917236328 2173.6741333007812 4830.317779541016 2257.1742553710938,","5322.936065673828 2403.4588317871094 5393.1734619140625 2431.5760803222656,","5462.898498535156 2599.9847145080566 5570.5123291015625 2660.1448669433594,","5513.398406982422 2644.958221435547 5548.460601806641 2708.4173583984375,",5807.401321411133 3399.251922607422 5894.168930053711 3429.3272399902344
JHI_FullSurvey_75m_Flight_01_00740.JPG,4,"3478.3003540039062 1389.992073059082 3564.1963500976562 1427.5353393554688,","3600.7289428710938 1378.9766235351562 3641.8032836914062 1464.2911071777344,","3467.9747924804688 1430.5122680664062 3530.2269897460938 1470.6407470703125,",3560.5653076171875 1431.7669982910156 3603.1070556640625 1495.9694519042969
