Image Filename,Latitude,Longitude,Seal Bounding Box,Ice Chunk Area
JHI_FullSurvey_75m_Flight_01_00061.JPG,58.84788767516667,-137.1136051617222,"[2103, 1622, 2129, 1717]",0
JHI_FullSurvey_75m_Flight_01_00062.JPG,58.848099883083336,-137.11330834469445,"[1848, 1335, 1919, 1398]",41939.5
JHI_FullSurvey_75m_Flight_01_00062.JPG,58.848099883083336,-137.11330834469445,"[1899, 1380, 1919, 1427]",41939.5
JHI_FullSurvey_75m_Flight_01_00062.JPG,58.848099883083336,-137.11330834469445,"[2081, 3759, 2110, 3840]",0
JHI_FullSurvey_75m_Flight_01_00063.JPG,58.848321557805555,-137.11299677766667,"[3858, 362, 3946, 404]",25626.5
JHI_FullSurvey_75m_Flight_01_00063.JPG,58.848321557805555,-137.11299677766667,"[3859, 332, 3908, 376]",25626.5
JHI_FullSurvey_75m_Flight_01_00063.JPG,58.848321557805555,-137.11299677766667,"[1774, 3574, 1860, 3653]",40824.5
JHI_FullSurvey_75m_Flight_01_00063.JPG,58.848321557805555,-137.11299677766667,"[1821, 3626, 1853, 3680]",40824.5
JHI_FullSurvey_75m_Flight_01_00064.JPG,58.84853540672223,-137.11269874080554,"[3960, 2579, 4011, 2622]",25555.0
JHI_FullSurvey_75m_Flight_01_00064.JPG,58.84853540672223,-137.11269874080554,"[3959, 2607, 4049, 2653]",25555.0
JHI_FullSurvey_75m_Flight_01_00067.JPG,58.84918449141667,-137.11178651227777,"[4949, 489, 5038, 528]",0
JHI_FullSurvey_75m_Flight_01_00067.JPG,58.84918449141667,-137.11178651227777,"[5121, 547, 5202, 583]",0
JHI_FullSurvey_75m_Flight_01_00068.JPG,58.84939950580556,-137.11148547641668,"[4941, 2653, 5035, 2682]",2751.0
JHI_FullSurvey_75m_Flight_01_00068.JPG,58.84939950580556,-137.11148547641668,"[5074, 2722, 5119, 2751]",2412.5
JHI_FullSurvey_75m_Flight_01_00068.JPG,58.84939950580556,-137.11148547641668,"[5120, 2722, 5160, 2749]",2412.5
JHI_FullSurvey_75m_Flight_01_00151.JPG,58.85151298188889,-137.10662155005554,"[5407, 209, 5444, 272]",19028.0
JHI_FullSurvey_75m_Flight_01_00151.JPG,58.85151298188889,-137.10662155005554,"[5384, 267, 5488, 306]",19028.0
JHI_FullSurvey_75m_Flight_01_00151.JPG,58.85151298188889,-137.10662155005554,"[931, 3727, 981, 3802]",25790.0
JHI_FullSurvey_75m_Flight_01_00151.JPG,58.85151298188889,-137.10662155005554,"[873, 3746, 918, 3804]",25790.0
JHI_FullSurvey_75m_Flight_01_00151.JPG,58.85151298188889,-137.10662155005554,"[816, 3710, 923, 3753]",25790.0
JHI_FullSurvey_75m_Flight_01_00152.JPG,58.851296104611116,-137.10693084272222,"[976, 1874, 1020, 1919]",10599.0
JHI_FullSurvey_75m_Flight_01_00152.JPG,58.851296104611116,-137.10693084272222,"[5368, 2497, 5473, 2534]",19368.5
JHI_FullSurvey_75m_Flight_01_00152.JPG,58.851296104611116,-137.10693084272222,"[5391, 2438, 5427, 2500]",19368.5
JHI_FullSurvey_75m_Flight_01_00152.JPG,58.851296104611116,-137.10693084272222,"[879, 1920, 925, 1971]",3833.5
JHI_FullSurvey_75m_Flight_01_00152.JPG,58.851296104611116,-137.10693084272222,"[977, 1920, 1003, 1964]",10599.0
JHI_FullSurvey_75m_Flight_01_00257.JPG,58.85231794272222,-137.1017075269722,"[3534, 236, 3605, 333]",19014.5
JHI_FullSurvey_75m_Flight_01_00257.JPG,58.85231794272222,-137.1017075269722,"[3464, 258, 3515, 340]",19014.5
JHI_FullSurvey_75m_Flight_01_00257.JPG,58.85231794272222,-137.1017075269722,"[2117, 1612, 2151, 1692]",22741.5
JHI_FullSurvey_75m_Flight_01_00257.JPG,58.85231794272222,-137.1017075269722,"[2158, 1624, 2198, 1671]",22741.5
JHI_FullSurvey_75m_Flight_01_00257.JPG,58.85231794272222,-137.1017075269722,"[1995, 2759, 2070, 2851]",27695.0
JHI_FullSurvey_75m_Flight_01_00257.JPG,58.85231794272222,-137.1017075269722,"[2041, 2764, 2096, 2806]",27695.0
JHI_FullSurvey_75m_Flight_01_00257.JPG,58.85231794272222,-137.1017075269722,"[4533, 2747, 4632, 2805]",23546.5
JHI_FullSurvey_75m_Flight_01_00257.JPG,58.85231794272222,-137.1017075269722,"[622, 905, 639, 969]",15916.0
JHI_FullSurvey_75m_Flight_01_00257.JPG,58.85231794272222,-137.1017075269722,"[2197, 871, 2301, 913]",24472.0
JHI_FullSurvey_75m_Flight_01_00257.JPG,58.85231794272222,-137.1017075269722,"[2654, 704, 2745, 750]",33032.0
JHI_FullSurvey_75m_Flight_01_00257.JPG,58.85231794272222,-137.1017075269722,"[2712, 744, 2770, 771]",33032.0
JHI_FullSurvey_75m_Flight_01_00257.JPG,58.85231794272222,-137.1017075269722,"[640, 915, 667, 993]",15916.0
JHI_FullSurvey_75m_Flight_01_00258.JPG,58.85209893363889,-137.1020064339722,"[3778, 2480, 3836, 2560]",18864.0
JHI_FullSurvey_75m_Flight_01_00258.JPG,58.85209893363889,-137.1020064339722,"[3703, 2508, 3746, 2559]",18864.0
JHI_FullSurvey_75m_Flight_01_00258.JPG,58.85209893363889,-137.1020064339722,"[2467, 3133, 2559, 3174]",23684.5
JHI_FullSurvey_75m_Flight_01_00258.JPG,58.85209893363889,-137.1020064339722,"[2910, 2961, 2999, 3007]",32607.5
JHI_FullSurvey_75m_Flight_01_00258.JPG,58.85209893363889,-137.1020064339722,"[2967, 2998, 3026, 3023]",32607.5
JHI_FullSurvey_75m_Flight_01_00258.JPG,58.85209893363889,-137.1020064339722,"[942, 3200, 989, 3258]",15777.0
JHI_FullSurvey_75m_Flight_01_00258.JPG,58.85209893363889,-137.1020064339722,"[2409, 3850, 2445, 3938]",22383.5
JHI_FullSurvey_75m_Flight_01_00258.JPG,58.85209893363889,-137.1020064339722,"[2451, 3868, 2489, 3911]",22383.5
JHI_FullSurvey_75m_Flight_01_00310.JPG,58.850553963416665,-137.10229613544445,"[3903, 1356, 3921, 1393]",0
JHI_FullSurvey_75m_Flight_01_00310.JPG,58.850553963416665,-137.10229613544445,"[195, 2777, 243, 2844]",3897.5
JHI_FullSurvey_75m_Flight_01_00310.JPG,58.850553963416665,-137.10229613544445,"[2684, 2821, 2752, 2891]",13739.5
JHI_FullSurvey_75m_Flight_01_00310.JPG,58.850553963416665,-137.10229613544445,"[894, 2770, 936, 2851]",11198.5
JHI_FullSurvey_75m_Flight_01_00310.JPG,58.850553963416665,-137.10229613544445,"[943, 2781, 981, 2871]",11198.5
JHI_FullSurvey_75m_Flight_01_00310.JPG,58.850553963416665,-137.10229613544445,"[1667, 3812, 1705, 3839]",34941.0
JHI_FullSurvey_75m_Flight_01_00310.JPG,58.850553963416665,-137.10229613544445,"[1590, 3856, 1620, 3933]",34941.0
JHI_FullSurvey_75m_Flight_01_00310.JPG,58.850553963416665,-137.10229613544445,"[1679, 3840, 1707, 3876]",34941.0
JHI_FullSurvey_75m_Flight_01_00310.JPG,58.850553963416665,-137.10229613544445,"[1406, 875, 1492, 971]",12819.0
JHI_FullSurvey_75m_Flight_01_00313.JPG,58.85120210625,-137.10137334380556,"[2231, 1822, 2320, 1882]",43691.5
JHI_FullSurvey_75m_Flight_01_00313.JPG,58.85120210625,-137.10137334380556,"[3890, 1476, 3948, 1511]",27618.5
JHI_FullSurvey_75m_Flight_01_00313.JPG,58.85120210625,-137.10137334380556,"[4191, 1366, 4222, 1444]",25540.0
JHI_FullSurvey_75m_Flight_01_00313.JPG,58.85120210625,-137.10137334380556,"[1084, 1960, 1120, 2027]",75806.0
JHI_FullSurvey_75m_Flight_01_00313.JPG,58.85120210625,-137.10137334380556,"[1120, 1920, 1161, 1998]",75806.0
JHI_FullSurvey_75m_Flight_01_00313.JPG,58.85120210625,-137.10137334380556,"[5049, 3926, 5099, 3960]",0
JHI_FullSurvey_75m_Flight_01_00313.JPG,58.85120210625,-137.10137334380556,"[3564, 1146, 3624, 1229]",26311.5
JHI_FullSurvey_75m_Flight_01_00313.JPG,58.85120210625,-137.10137334380556,"[3620, 1133, 3658, 1203]",26311.5
JHI_FullSurvey_75m_Flight_01_00317.JPG,58.852066498333336,-137.10016577644444,"[2774, 1377, 2852, 1418]",11598.5
JHI_FullSurvey_75m_Flight_01_00317.JPG,58.852066498333336,-137.10016577644444,"[676, 3128, 747, 3199]",16596.0
JHI_FullSurvey_75m_Flight_01_00317.JPG,58.852066498333336,-137.10016577644444,"[2987, 3615, 3047, 3642]",11610.0
JHI_FullSurvey_75m_Flight_01_00317.JPG,58.852066498333336,-137.10016577644444,"[2937, 3599, 3009, 3666]",11610.0
JHI_FullSurvey_75m_Flight_01_00317.JPG,58.852066498333336,-137.10016577644444,"[1175, 3336, 1253, 3378]",23591.0
JHI_FullSurvey_75m_Flight_01_00317.JPG,58.852066498333336,-137.10016577644444,"[1070, 3395, 1166, 3428]",23591.0
JHI_FullSurvey_75m_Flight_01_00320.JPG,58.85271791411111,-137.0992502217778,"[4660, 53, 4686, 124]",15955.0
JHI_FullSurvey_75m_Flight_01_00320.JPG,58.85271791411111,-137.0992502217778,"[4690, 82, 4721, 166]",15955.0
JHI_FullSurvey_75m_Flight_01_00320.JPG,58.85271791411111,-137.0992502217778,"[5372, 401, 5456, 457]",9100.5
JHI_FullSurvey_75m_Flight_01_00320.JPG,58.85271791411111,-137.0992502217778,"[5362, 383, 5432, 420]",9100.5
JHI_FullSurvey_75m_Flight_01_00320.JPG,58.85271791411111,-137.0992502217778,"[3453, 1730, 3484, 1809]",17012.0
JHI_FullSurvey_75m_Flight_01_00320.JPG,58.85271791411111,-137.0992502217778,"[2334, 2436, 2364, 2500]",6552.0
JHI_FullSurvey_75m_Flight_01_00320.JPG,58.85271791411111,-137.0992502217778,"[3637, 1920, 3678, 1981]",15372.5
JHI_FullSurvey_75m_Flight_01_00320.JPG,58.85271791411111,-137.0992502217778,"[1196, 2409, 1258, 2463]",15701.5
JHI_FullSurvey_75m_Flight_01_00320.JPG,58.85271791411111,-137.0992502217778,"[880, 1921, 938, 2000]",27721.0
JHI_FullSurvey_75m_Flight_01_00320.JPG,58.85271791411111,-137.0992502217778,"[807, 1920, 865, 1952]",27721.0
JHI_FullSurvey_75m_Flight_01_00320.JPG,58.85271791411111,-137.0992502217778,"[1231, 2321, 1276, 2397]",15701.5
JHI_FullSurvey_75m_Flight_01_00320.JPG,58.85271791411111,-137.0992502217778,"[2123, 3284, 2236, 3336]",20278.0
JHI_FullSurvey_75m_Flight_01_00320.JPG,58.85271791411111,-137.0992502217778,"[277, 670, 323, 751]",38006.0
JHI_FullSurvey_75m_Flight_01_00320.JPG,58.85271791411111,-137.0992502217778,"[5600, 1169, 5640, 1236]",7105.5
JHI_FullSurvey_75m_Flight_01_00321.JPG,58.85293145316667,-137.09895432927777,"[3105, 321, 3191, 357]",13052.0
JHI_FullSurvey_75m_Flight_01_00321.JPG,58.85293145316667,-137.09895432927777,"[3200, 299, 3222, 367]",13052.0
JHI_FullSurvey_75m_Flight_01_00321.JPG,58.85293145316667,-137.09895432927777,"[2387, 1847, 2423, 1898]",0
JHI_FullSurvey_75m_Flight_01_00321.JPG,58.85293145316667,-137.09895432927777,"[2562, 1638, 2624, 1735]",18468.5
JHI_FullSurvey_75m_Flight_01_00321.JPG,58.85293145316667,-137.09895432927777,"[5760, 1626, 5796, 1689]",6752.0
JHI_FullSurvey_75m_Flight_01_00321.JPG,58.85293145316667,-137.09895432927777,"[4435, 2261, 4460, 2330]",17359.0
JHI_FullSurvey_75m_Flight_01_00321.JPG,58.85293145316667,-137.09895432927777,"[4480, 2293, 4494, 2384]",17359.0
JHI_FullSurvey_75m_Flight_01_00321.JPG,58.85293145316667,-137.09895432927777,"[46, 2794, 93, 2880]",23661.5
JHI_FullSurvey_75m_Flight_01_00321.JPG,58.85293145316667,-137.09895432927777,"[5120, 2612, 5209, 2663]",10072.5
JHI_FullSurvey_75m_Flight_01_00321.JPG,58.85293145316667,-137.09895432927777,"[5124, 2590, 5181, 2618]",10072.5
JHI_FullSurvey_75m_Flight_01_00321.JPG,58.85293145316667,-137.09895432927777,"[5336, 3364, 5375, 3430]",6486.0
JHI_FullSurvey_75m_Flight_01_00321.JPG,58.85293145316667,-137.09895432927777,"[3242, 3894, 3269, 3972]",10957.5
JHI_FullSurvey_75m_Flight_01_00321.JPG,58.85293145316667,-137.09895432927777,"[5695, 1180, 5731, 1279]",14388.5
JHI_FullSurvey_75m_Flight_01_00321.JPG,58.85293145316667,-137.09895432927777,"[5639, 1232, 5702, 1263]",14388.5
JHI_FullSurvey_75m_Flight_01_00322.JPG,58.85315121441667,-137.0986426403889,"[3139, 2536, 3164, 2559]",14090.5
JHI_FullSurvey_75m_Flight_01_00322.JPG,58.85315121441667,-137.0986426403889,"[4365, 2092, 4476, 2141]",19443.5
JHI_FullSurvey_75m_Flight_01_00322.JPG,58.85315121441667,-137.0986426403889,"[4372, 2136, 4432, 2172]",19443.5
JHI_FullSurvey_75m_Flight_01_00322.JPG,58.85315121441667,-137.0986426403889,"[4826, 2475, 4873, 2496]",15410.0
JHI_FullSurvey_75m_Flight_01_00322.JPG,58.85315121441667,-137.0986426403889,"[5277, 2037, 5306, 2104]",4718.5
JHI_FullSurvey_75m_Flight_01_00322.JPG,58.85315121441667,-137.0986426403889,"[3049, 2560, 3132, 2590]",14090.5
JHI_FullSurvey_75m_Flight_01_00322.JPG,58.85315121441667,-137.0986426403889,"[3140, 2560, 3162, 2600]",14090.5
JHI_FullSurvey_75m_Flight_01_00322.JPG,58.85315121441667,-137.0986426403889,"[5603, 3465, 5639, 3561]",13684.5
JHI_FullSurvey_75m_Flight_01_00322.JPG,58.85315121441667,-137.0986426403889,"[5545, 3507, 5609, 3534]",13684.5
JHI_FullSurvey_75m_Flight_01_00322.JPG,58.85315121441667,-137.0986426403889,"[2481, 3841, 2542, 3933]",15295.5
JHI_FullSurvey_75m_Flight_01_00322.JPG,58.85315121441667,-137.0986426403889,"[5633, 3876, 5693, 3957]",7475.0
JHI_FullSurvey_75m_Flight_01_00323.JPG,58.85336412463889,-137.09833106316668,"[2284, 157, 2363, 210]",20287.5
JHI_FullSurvey_75m_Flight_01_00323.JPG,58.85336412463889,-137.09833106316668,"[2236, 286, 2298, 318]",20287.5
JHI_FullSurvey_75m_Flight_01_00323.JPG,58.85336412463889,-137.09833106316668,"[2034, 1528, 2069, 1594]",25922.0
JHI_FullSurvey_75m_Flight_01_00323.JPG,58.85336412463889,-137.09833106316668,"[5528, 3673, 5556, 3741]",8369.0
JHI_FullSurvey_75m_Flight_01_00324.JPG,58.85358070516667,-137.09803352016667,"[2578, 2384, 2648, 2435]",13412.5
JHI_FullSurvey_75m_Flight_01_00324.JPG,58.85358070516667,-137.09803352016667,"[2271, 3716, 2300, 3777]",21863.0
JHI_FullSurvey_75m_Flight_01_00324.JPG,58.85358070516667,-137.09803352016667,"[1788, 683, 1858, 778]",14883.5
JHI_FullSurvey_75m_Flight_01_00337.JPG,58.85639215030556,-137.09407955350002,"[3296, 3657, 3351, 3691]",15720.0
JHI_FullSurvey_75m_Flight_01_00337.JPG,58.85639215030556,-137.09407955350002,"[3289, 3618, 3377, 3650]",15720.0
JHI_FullSurvey_75m_Flight_01_00337.JPG,58.85639215030556,-137.09407955350002,"[4308, 3780, 4350, 3839]",34311.5
JHI_FullSurvey_75m_Flight_01_00337.JPG,58.85639215030556,-137.09407955350002,"[4275, 3798, 4304, 3839]",34311.5
JHI_FullSurvey_75m_Flight_01_00337.JPG,58.85639215030556,-137.09407955350002,"[4302, 3840, 4343, 3869]",34311.5
JHI_FullSurvey_75m_Flight_01_00360.JPG,58.85379185588889,-137.0958471008889,"[2493, 2405, 2554, 2488]",39741.5
JHI_FullSurvey_75m_Flight_01_00360.JPG,58.85379185588889,-137.0958471008889,"[2092, 1945, 2154, 1985]",16043.5
JHI_FullSurvey_75m_Flight_01_00360.JPG,58.85379185588889,-137.0958471008889,"[2076, 1963, 2146, 2036]",16043.5
JHI_FullSurvey_75m_Flight_01_00360.JPG,58.85379185588889,-137.0958471008889,"[2457, 2396, 2522, 2422]",39741.5
JHI_FullSurvey_75m_Flight_01_00360.JPG,58.85379185588889,-137.0958471008889,"[2810, 3006, 2867, 3090]",21769.5
JHI_FullSurvey_75m_Flight_01_00360.JPG,58.85379185588889,-137.0958471008889,"[2874, 3043, 2913, 3100]",21769.5
JHI_FullSurvey_75m_Flight_01_00360.JPG,58.85379185588889,-137.0958471008889,"[3132, 3200, 3180, 3248]",8667.5
JHI_FullSurvey_75m_Flight_01_00360.JPG,58.85379185588889,-137.0958471008889,"[4369, 667, 4420, 754]",10295.0
JHI_FullSurvey_75m_Flight_01_00360.JPG,58.85379185588889,-137.0958471008889,"[4445, 712, 4479, 743]",10295.0
JHI_FullSurvey_75m_Flight_01_00360.JPG,58.85379185588889,-137.0958471008889,"[4480, 715, 4509, 749]",10295.0
JHI_FullSurvey_75m_Flight_01_00361.JPG,58.853573595250005,-137.0961547218889,"[4345, 2855, 4392, 2934]",9981.0
JHI_FullSurvey_75m_Flight_01_00361.JPG,58.853573595250005,-137.0961547218889,"[4417, 2891, 4479, 2927]",9981.0
JHI_FullSurvey_75m_Flight_01_00364.JPG,58.85292509758334,-137.09706351891668,"[2489, 174, 2559, 218]",29185.0
JHI_FullSurvey_75m_Flight_01_00364.JPG,58.85292509758334,-137.09706351891668,"[3276, 432, 3331, 494]",9471.0
JHI_FullSurvey_75m_Flight_01_00364.JPG,58.85292509758334,-137.09706351891668,"[4116, 123, 4147, 199]",14768.5
JHI_FullSurvey_75m_Flight_01_00364.JPG,58.85292509758334,-137.09706351891668,"[4571, 0, 4606, 30]",2139.5
JHI_FullSurvey_75m_Flight_01_00364.JPG,58.85292509758334,-137.09706351891668,"[2026, 1611, 2072, 1663]",2520.5
JHI_FullSurvey_75m_Flight_01_00364.JPG,58.85292509758334,-137.09706351891668,"[2595, 2338, 2642, 2449]",37737.0
JHI_FullSurvey_75m_Flight_01_00364.JPG,58.85292509758334,-137.09706351891668,"[2469, 3030, 2517, 3105]",10480.0
JHI_FullSurvey_75m_Flight_01_00364.JPG,58.85292509758334,-137.09706351891668,"[475, 3592, 532, 3650]",8446.0
JHI_FullSurvey_75m_Flight_01_00364.JPG,58.85292509758334,-137.09706351891668,"[18, 3912, 84, 3945]",6991.0
JHI_FullSurvey_75m_Flight_01_00364.JPG,58.85292509758334,-137.09706351891668,"[13, 3880, 62, 3903]",6991.0
JHI_FullSurvey_75m_Flight_01_00364.JPG,58.85292509758334,-137.09706351891668,"[2171, 1014, 2225, 1058]",45144.0
JHI_FullSurvey_75m_Flight_01_00364.JPG,58.85292509758334,-137.09706351891668,"[2215, 982, 2256, 1082]",45144.0
JHI_FullSurvey_75m_Flight_01_00364.JPG,58.85292509758334,-137.09706351891668,"[3116, 835, 3149, 886]",27404.0
JHI_FullSurvey_75m_Flight_01_00364.JPG,58.85292509758334,-137.09706351891668,"[3090, 856, 3119, 960]",27404.0
JHI_FullSurvey_75m_Flight_01_00365.JPG,58.852707391083335,-137.09736909169445,"[4068, 369, 4103, 448]",9555.5
JHI_FullSurvey_75m_Flight_01_00365.JPG,58.852707391083335,-137.09736909169445,"[1101, 436, 1136, 505]",4860.5
JHI_FullSurvey_75m_Flight_01_00365.JPG,58.852707391083335,-137.09736909169445,"[888, 145, 980, 196]",12157.0
JHI_FullSurvey_75m_Flight_01_00365.JPG,58.852707391083335,-137.09736909169445,"[1207, 1300, 1257, 1357]",20096.5
JHI_FullSurvey_75m_Flight_01_00365.JPG,58.852707391083335,-137.09736909169445,"[1218, 1311, 1279, 1396]",20096.5
JHI_FullSurvey_75m_Flight_01_00365.JPG,58.852707391083335,-137.09736909169445,"[1552, 2095, 1608, 2161]",15065.5
JHI_FullSurvey_75m_Flight_01_00365.JPG,58.852707391083335,-137.09736909169445,"[2456, 2369, 2542, 2418]",27977.5
JHI_FullSurvey_75m_Flight_01_00365.JPG,58.852707391083335,-137.09736909169445,"[2509, 2324, 2541, 2388]",27977.5
JHI_FullSurvey_75m_Flight_01_00365.JPG,58.852707391083335,-137.09736909169445,"[4058, 2329, 4086, 2411]",14823.5
JHI_FullSurvey_75m_Flight_01_00365.JPG,58.852707391083335,-137.09736909169445,"[4501, 2146, 4533, 2224]",6898.0
JHI_FullSurvey_75m_Flight_01_00365.JPG,58.852707391083335,-137.09736909169445,"[2173, 3159, 2213, 3199]",30815.5
JHI_FullSurvey_75m_Flight_01_00365.JPG,58.852707391083335,-137.09736909169445,"[3068, 3020, 3099, 3068]",20070.5
JHI_FullSurvey_75m_Flight_01_00365.JPG,58.852707391083335,-137.09736909169445,"[3042, 3037, 3070, 3135]",20070.5
JHI_FullSurvey_75m_Flight_01_00365.JPG,58.852707391083335,-137.09736909169445,"[3229, 2624, 3283, 2687]",8574.0
JHI_FullSurvey_75m_Flight_01_00365.JPG,58.852707391083335,-137.09736909169445,"[2184, 3200, 2216, 3263]",30815.5
JHI_FullSurvey_75m_Flight_01_00365.JPG,58.852707391083335,-137.09736909169445,"[2132, 3200, 2186, 3231]",30815.5
JHI_FullSurvey_75m_Flight_01_00365.JPG,58.852707391083335,-137.09736909169445,"[1878, 1120, 1919, 1152]",14309.0
JHI_FullSurvey_75m_Flight_01_00365.JPG,58.852707391083335,-137.09736909169445,"[2148, 1189, 2191, 1236]",11375.0
JHI_FullSurvey_75m_Flight_01_00365.JPG,58.852707391083335,-137.09736909169445,"[1920, 1118, 1974, 1149]",14309.0
JHI_FullSurvey_75m_Flight_01_00365.JPG,58.852707391083335,-137.09736909169445,"[1921, 1151, 1984, 1177]",14309.0
JHI_FullSurvey_75m_Flight_01_00365.JPG,58.852707391083335,-137.09736909169445,"[3875, 640, 3915, 720]",10379.5
JHI_FullSurvey_75m_Flight_01_00365.JPG,58.852707391083335,-137.09736909169445,"[3909, 679, 3952, 726]",10379.5
JHI_FullSurvey_75m_Flight_01_00366.JPG,58.85249152497222,-137.09767640919446,"[4880, 86, 4989, 151]",50646.5
JHI_FullSurvey_75m_Flight_01_00366.JPG,58.85249152497222,-137.09767640919446,"[5027, 148, 5074, 231]",50646.5
JHI_FullSurvey_75m_Flight_01_00366.JPG,58.85249152497222,-137.09767640919446,"[5077, 106, 5118, 197]",50646.5
JHI_FullSurvey_75m_Flight_01_00366.JPG,58.85249152497222,-137.09767640919446,"[4988, 143, 5020, 211]",50646.5
JHI_FullSurvey_75m_Flight_01_00366.JPG,58.85249152497222,-137.09767640919446,"[574, 1280, 615, 1330]",8614.5
JHI_FullSurvey_75m_Flight_01_00366.JPG,58.85249152497222,-137.09767640919446,"[3337, 1443, 3425, 1517]",12193.5
JHI_FullSurvey_75m_Flight_01_00366.JPG,58.85249152497222,-137.09767640919446,"[3933, 1448, 3970, 1526]",10208.0
JHI_FullSurvey_75m_Flight_01_00366.JPG,58.85249152497222,-137.09767640919446,"[4853, 2030, 4920, 2066]",8041.5
JHI_FullSurvey_75m_Flight_01_00366.JPG,58.85249152497222,-137.09767640919446,"[837, 2354, 930, 2409]",16413.5
JHI_FullSurvey_75m_Flight_01_00366.JPG,58.85249152497222,-137.09767640919446,"[3780, 2845, 3829, 2940]",10865.0
JHI_FullSurvey_75m_Flight_01_00366.JPG,58.85249152497222,-137.09767640919446,"[3976, 2599, 4011, 2679]",10797.5
JHI_FullSurvey_75m_Flight_01_00366.JPG,58.85249152497222,-137.09767640919446,"[3840, 2900, 3855, 2942]",10865.0
JHI_FullSurvey_75m_Flight_01_00366.JPG,58.85249152497222,-137.09767640919446,"[4349, 3097, 4389, 3159]",5873.0
JHI_FullSurvey_75m_Flight_01_00366.JPG,58.85249152497222,-137.09767640919446,"[1037, 2638, 1085, 2700]",4981.5
JHI_FullSurvey_75m_Flight_01_00366.JPG,58.85249152497222,-137.09767640919446,"[1817, 3317, 1912, 3350]",13819.0
JHI_FullSurvey_75m_Flight_01_00366.JPG,58.85249152497222,-137.09767640919446,"[1859, 3346, 1918, 3371]",13819.0
JHI_FullSurvey_75m_Flight_01_00366.JPG,58.85249152497222,-137.09767640919446,"[2084, 3384, 2127, 3435]",10622.0
JHI_FullSurvey_75m_Flight_01_00366.JPG,58.85249152497222,-137.09767640919446,"[1148, 3474, 1196, 3533]",20027.5
JHI_FullSurvey_75m_Flight_01_00366.JPG,58.85249152497222,-137.09767640919446,"[1169, 3484, 1230, 3578]",20027.5
JHI_FullSurvey_75m_Flight_01_00366.JPG,58.85249152497222,-137.09767640919446,"[1506, 966, 1572, 998]",0
JHI_FullSurvey_75m_Flight_01_00366.JPG,58.85249152497222,-137.09767640919446,"[3841, 805, 3921, 864]",28958.0
JHI_FullSurvey_75m_Flight_01_00366.JPG,58.85249152497222,-137.09767640919446,"[3937, 785, 3960, 854]",28958.0
JHI_FullSurvey_75m_Flight_01_00367.JPG,58.85227295291667,-137.09797787925,"[3905, 168, 3992, 253]",12585.0
JHI_FullSurvey_75m_Flight_01_00367.JPG,58.85227295291667,-137.09797787925,"[3748, 1508, 3809, 1533]",6651.5
JHI_FullSurvey_75m_Flight_01_00367.JPG,58.85227295291667,-137.09797787925,"[4902, 1665, 4979, 1730]",18704.5
JHI_FullSurvey_75m_Flight_01_00367.JPG,58.85227295291667,-137.09797787925,"[5008, 2337, 5116, 2404]",52373.0
JHI_FullSurvey_75m_Flight_01_00367.JPG,58.85227295291667,-137.09797787925,"[5156, 2398, 5202, 2481]",52373.0
JHI_FullSurvey_75m_Flight_01_00367.JPG,58.85227295291667,-137.09797787925,"[5206, 2359, 5249, 2448]",52373.0
JHI_FullSurvey_75m_Flight_01_00367.JPG,58.85227295291667,-137.09797787925,"[5120, 2392, 5145, 2455]",52373.0
JHI_FullSurvey_75m_Flight_01_00367.JPG,58.85227295291667,-137.09797787925,"[4057, 3019, 4081, 3084]",28307.0
JHI_FullSurvey_75m_Flight_01_00367.JPG,58.85227295291667,-137.09797787925,"[3972, 3039, 4044, 3092]",28307.0
JHI_FullSurvey_75m_Flight_01_00367.JPG,58.85227295291667,-137.09797787925,"[3458, 3635, 3552, 3713]",11394.0
JHI_FullSurvey_75m_Flight_01_00367.JPG,58.85227295291667,-137.09797787925,"[4044, 3647, 4078, 3728]",8928.0
JHI_FullSurvey_75m_Flight_01_00367.JPG,58.85227295291667,-137.09797787925,"[770, 3406, 807, 3484]",7204.5
JHI_FullSurvey_75m_Flight_01_00370.JPG,58.85162647352778,-137.09889047944446,"[3024, 91, 3100, 147]",12472.5
JHI_FullSurvey_75m_Flight_01_00370.JPG,58.85162647352778,-137.09889047944446,"[3067, 76, 3130, 103]",12472.5
JHI_FullSurvey_75m_Flight_01_00370.JPG,58.85162647352778,-137.09889047944446,"[4393, 38, 4456, 122]",20251.5
JHI_FullSurvey_75m_Flight_01_00370.JPG,58.85162647352778,-137.09889047944446,"[5350, 175, 5389, 244]",11894.0
JHI_FullSurvey_75m_Flight_01_00370.JPG,58.85162647352778,-137.09889047944446,"[5847, 2071, 5906, 2139]",18051.5
JHI_FullSurvey_75m_Flight_01_00370.JPG,58.85162647352778,-137.09889047944446,"[5814, 2103, 5880, 2146]",18051.5
JHI_FullSurvey_75m_Flight_01_00370.JPG,58.85162647352778,-137.09889047944446,"[1640, 2617, 1673, 2720]",26660.0
JHI_FullSurvey_75m_Flight_01_00370.JPG,58.85162647352778,-137.09889047944446,"[1668, 2676, 1698, 2740]",26660.0
JHI_FullSurvey_75m_Flight_01_00370.JPG,58.85162647352778,-137.09889047944446,"[336, 3404, 374, 3502]",10219.5
JHI_FullSurvey_75m_Flight_01_00370.JPG,58.85162647352778,-137.09889047944446,"[3782, 3786, 3819, 3839]",11237.5
JHI_FullSurvey_75m_Flight_01_00370.JPG,58.85162647352778,-137.09889047944446,"[3807, 3773, 3839, 3828]",11237.5
JHI_FullSurvey_75m_Flight_01_00370.JPG,58.85162647352778,-137.09889047944446,"[5683, 3593, 5759, 3653]",34878.5
JHI_FullSurvey_75m_Flight_01_00370.JPG,58.85162647352778,-137.09889047944446,"[5722, 3551, 5758, 3628]",34878.5
JHI_FullSurvey_75m_Flight_01_00370.JPG,58.85162647352778,-137.09889047944446,"[1161, 3724, 1258, 3758]",5360.5
JHI_FullSurvey_75m_Flight_01_00370.JPG,58.85162647352778,-137.09889047944446,"[1253, 3648, 1279, 3724]",5360.5
JHI_FullSurvey_75m_Flight_01_00370.JPG,58.85162647352778,-137.09889047944446,"[3788, 3840, 3829, 3882]",11237.5
JHI_FullSurvey_75m_Flight_01_00370.JPG,58.85162647352778,-137.09889047944446,"[1925, 927, 1992, 976]",36628.5
JHI_FullSurvey_75m_Flight_01_00370.JPG,58.85162647352778,-137.09889047944446,"[2053, 969, 2134, 1009]",36628.5
JHI_FullSurvey_75m_Flight_01_00371.JPG,58.85140583338889,-137.09920120283334,"[779, 603, 820, 639]",12297.5
JHI_FullSurvey_75m_Flight_01_00371.JPG,58.85140583338889,-137.09920120283334,"[4458, 1860, 4479, 1906]",12983.5
JHI_FullSurvey_75m_Flight_01_00371.JPG,58.85140583338889,-137.09920120283334,"[5070, 1333, 5114, 1414]",11754.0
JHI_FullSurvey_75m_Flight_01_00371.JPG,58.85140583338889,-137.09920120283334,"[4480, 1869, 4513, 1919]",12983.5
JHI_FullSurvey_75m_Flight_01_00371.JPG,58.85140583338889,-137.09920120283334,"[5074, 1831, 5107, 1917]",3149.0
JHI_FullSurvey_75m_Flight_01_00371.JPG,58.85140583338889,-137.09920120283334,"[2928, 2372, 3002, 2433]",13630.0
JHI_FullSurvey_75m_Flight_01_00371.JPG,58.85140583338889,-137.09920120283334,"[2970, 2356, 3033, 2381]",13630.0
JHI_FullSurvey_75m_Flight_01_00371.JPG,58.85140583338889,-137.09920120283334,"[4285, 2346, 4349, 2421]",21806.5
JHI_FullSurvey_75m_Flight_01_00371.JPG,58.85140583338889,-137.09920120283334,"[5078, 1966, 5119, 2040]",5797.5
JHI_FullSurvey_75m_Flight_01_00371.JPG,58.85140583338889,-137.09920120283334,"[5231, 2467, 5262, 2549]",12738.0
JHI_FullSurvey_75m_Flight_01_00371.JPG,58.85140583338889,-137.09920120283334,"[5120, 1999, 5145, 2046]",5797.5
JHI_FullSurvey_75m_Flight_01_00371.JPG,58.85140583338889,-137.09920120283334,"[1839, 3173, 1895, 3199]",33599.0
JHI_FullSurvey_75m_Flight_01_00371.JPG,58.85140583338889,-137.09920120283334,"[5908, 2979, 5999, 3015]",7203.5
JHI_FullSurvey_75m_Flight_01_00371.JPG,58.85140583338889,-137.09920120283334,"[1966, 3212, 2042, 3251]",33599.0
JHI_FullSurvey_75m_Flight_01_00371.JPG,58.85140583338889,-137.09920120283334,"[4609, 640, 4658, 740]",12724.5
JHI_FullSurvey_75m_Flight_01_00371.JPG,58.85140583338889,-137.09920120283334,"[5911, 640, 5996, 664]",2531.0
JHI_FullSurvey_75m_Flight_01_00371.JPG,58.85140583338889,-137.09920120283334,"[723, 646, 789, 735]",12297.5
JHI_FullSurvey_75m_Flight_01_00372.JPG,58.85119211002778,-137.0995014623889,"[1649, 322, 1729, 390]",24760.0
JHI_FullSurvey_75m_Flight_01_00372.JPG,58.85119211002778,-137.0995014623889,"[1690, 360, 1719, 434]",24760.0
JHI_FullSurvey_75m_Flight_01_00372.JPG,58.85119211002778,-137.0995014623889,"[1656, 261, 1709, 282]",24760.0
JHI_FullSurvey_75m_Flight_01_00372.JPG,58.85119211002778,-137.0995014623889,"[3171, 508, 3199, 534]",23625.5
JHI_FullSurvey_75m_Flight_01_00372.JPG,58.85119211002778,-137.0995014623889,"[3174, 469, 3199, 489]",23625.5
JHI_FullSurvey_75m_Flight_01_00372.JPG,58.85119211002778,-137.0995014623889,"[3200, 470, 3236, 503]",23625.5
JHI_FullSurvey_75m_Flight_01_00372.JPG,58.85119211002778,-137.0995014623889,"[3200, 504, 3258, 550]",23625.5
JHI_FullSurvey_75m_Flight_01_00372.JPG,58.85119211002778,-137.0995014623889,"[3040, 1280, 3072, 1347]",21027.0
JHI_FullSurvey_75m_Flight_01_00372.JPG,58.85119211002778,-137.0995014623889,"[3078, 1280, 3137, 1293]",21027.0
JHI_FullSurvey_75m_Flight_01_00372.JPG,58.85119211002778,-137.0995014623889,"[4191, 1746, 4255, 1786]",28268.5
JHI_FullSurvey_75m_Flight_01_00372.JPG,58.85119211002778,-137.0995014623889,"[4172, 1621, 4215, 1716]",28268.5
JHI_FullSurvey_75m_Flight_01_00372.JPG,58.85119211002778,-137.0995014623889,"[4527, 2784, 4580, 2890]",14634.0
JHI_FullSurvey_75m_Flight_01_00372.JPG,58.85119211002778,-137.0995014623889,"[4504, 2783, 4552, 2819]",14634.0
JHI_FullSurvey_75m_Flight_01_00372.JPG,58.85119211002778,-137.0995014623889,"[5817, 2765, 5921, 2810]",11143.0
JHI_FullSurvey_75m_Flight_01_00372.JPG,58.85119211002778,-137.0995014623889,"[5858, 2803, 5914, 2851]",11143.0
JHI_FullSurvey_75m_Flight_01_00372.JPG,58.85119211002778,-137.0995014623889,"[726, 2752, 771, 2803]",12618.0
JHI_FullSurvey_75m_Flight_01_00372.JPG,58.85119211002778,-137.0995014623889,"[676, 2790, 737, 2877]",12618.0
JHI_FullSurvey_75m_Flight_01_00372.JPG,58.85119211002778,-137.0995014623889,"[4248, 3339, 4266, 3400]",1340.0
JHI_FullSurvey_75m_Flight_01_00372.JPG,58.85119211002778,-137.0995014623889,"[4974, 3470, 5017, 3551]",11516.5
JHI_FullSurvey_75m_Flight_01_00372.JPG,58.85119211002778,-137.0995014623889,"[5019, 3961, 5043, 3999]",1515.5
JHI_FullSurvey_75m_Flight_01_00372.JPG,58.85119211002778,-137.0995014623889,"[2255, 1109, 2297, 1195]",9190.0
JHI_FullSurvey_75m_Flight_01_00373.JPG,58.8509796505,-137.09979705719445,"[1622, 1837, 1689, 1889]",14304.0
JHI_FullSurvey_75m_Flight_01_00373.JPG,58.8509796505,-137.09979705719445,"[2175, 1351, 2220, 1369]",1525.0
JHI_FullSurvey_75m_Flight_01_00373.JPG,58.8509796505,-137.09979705719445,"[3364, 1427, 3415, 1458]",7018.5
JHI_FullSurvey_75m_Flight_01_00373.JPG,58.8509796505,-137.09979705719445,"[4438, 1280, 4456, 1308]",25696.5
JHI_FullSurvey_75m_Flight_01_00373.JPG,58.8509796505,-137.09979705719445,"[1699, 2485, 1779, 2544]",22739.0
JHI_FullSurvey_75m_Flight_01_00373.JPG,58.8509796505,-137.09979705719445,"[1933, 1940, 1975, 2007]",9533.0
JHI_FullSurvey_75m_Flight_01_00373.JPG,58.8509796505,-137.09979705719445,"[3209, 2632, 3274, 2667]",23038.5
JHI_FullSurvey_75m_Flight_01_00373.JPG,58.8509796505,-137.09979705719445,"[3206, 2670, 3296, 2715]",23038.5
JHI_FullSurvey_75m_Flight_01_00373.JPG,58.8509796505,-137.09979705719445,"[2306, 3249, 2345, 3336]",8569.0
JHI_FullSurvey_75m_Flight_01_00373.JPG,58.8509796505,-137.09979705719445,"[3077, 3419, 3107, 3496]",19735.0
JHI_FullSurvey_75m_Flight_01_00373.JPG,58.8509796505,-137.09979705719445,"[3113, 3420, 3171, 3443]",19735.0
JHI_FullSurvey_75m_Flight_01_00373.JPG,58.8509796505,-137.09979705719445,"[4198, 3766, 4242, 3840]",23470.5
JHI_FullSurvey_75m_Flight_01_00373.JPG,58.8509796505,-137.09979705719445,"[4216, 3878, 4281, 3920]",23470.5
JHI_FullSurvey_75m_Flight_01_00373.JPG,58.8509796505,-137.09979705719445,"[4200, 3840, 4238, 3869]",23470.5
JHI_FullSurvey_75m_Flight_01_00373.JPG,58.8509796505,-137.09979705719445,"[4433, 1226, 4460, 1280]",25696.5
JHI_FullSurvey_75m_Flight_01_00402.JPG,58.84486291752778,-137.10648332030556,"[4980, 528, 5020, 602]",4317.0
JHI_FullSurvey_75m_Flight_01_00402.JPG,58.84486291752778,-137.10648332030556,"[3149, 1308, 3199, 1399]",18710.0
JHI_FullSurvey_75m_Flight_01_00402.JPG,58.84486291752778,-137.10648332030556,"[3109, 1290, 3134, 1364]",18710.0
JHI_FullSurvey_75m_Flight_01_00402.JPG,58.84486291752778,-137.10648332030556,"[5379, 1319, 5412, 1388]",10480.5
JHI_FullSurvey_75m_Flight_01_00402.JPG,58.84486291752778,-137.10648332030556,"[5425, 1281, 5476, 1345]",10480.5
JHI_FullSurvey_75m_Flight_01_00402.JPG,58.84486291752778,-137.10648332030556,"[5331, 2237, 5396, 2286]",50129.5
JHI_FullSurvey_75m_Flight_01_00402.JPG,58.84486291752778,-137.10648332030556,"[5346, 2264, 5374, 2322]",50129.5
JHI_FullSurvey_75m_Flight_01_00402.JPG,58.84486291752778,-137.10648332030556,"[1284, 2945, 1366, 3004]",10974.0
JHI_FullSurvey_75m_Flight_01_00402.JPG,58.84486291752778,-137.10648332030556,"[1857, 3292, 1893, 3389]",18932.0
JHI_FullSurvey_75m_Flight_01_00402.JPG,58.84486291752778,-137.10648332030556,"[4250, 3629, 4311, 3724]",18749.0
JHI_FullSurvey_75m_Flight_01_00402.JPG,58.84486291752778,-137.10648332030556,"[4265, 3623, 4333, 3672]",18749.0
JHI_FullSurvey_75m_Flight_01_00438.JPG,58.85264904183334,-137.09555224991666,"[462, 437, 493, 522]",18014.5
JHI_FullSurvey_75m_Flight_01_00438.JPG,58.85264904183334,-137.09555224991666,"[1849, 32, 1893, 118]",49003.5
JHI_FullSurvey_75m_Flight_01_00438.JPG,58.85264904183334,-137.09555224991666,"[1803, 85, 1860, 189]",49003.5
JHI_FullSurvey_75m_Flight_01_00438.JPG,58.85264904183334,-137.09555224991666,"[1956, 128, 2057, 162]",49003.5
JHI_FullSurvey_75m_Flight_01_00438.JPG,58.85264904183334,-137.09555224991666,"[607, 1440, 639, 1539]",15726.0
JHI_FullSurvey_75m_Flight_01_00438.JPG,58.85264904183334,-137.09555224991666,"[1373, 1920, 1427, 1988]",8483.5
JHI_FullSurvey_75m_Flight_01_00438.JPG,58.85264904183334,-137.09555224991666,"[1333, 1926, 1399, 1954]",8483.5
JHI_FullSurvey_75m_Flight_01_00438.JPG,58.85264904183334,-137.09555224991666,"[2380, 2423, 2447, 2479]",0
JHI_FullSurvey_75m_Flight_01_00438.JPG,58.85264904183334,-137.09555224991666,"[587, 3115, 639, 3156]",17512.0
JHI_FullSurvey_75m_Flight_01_00438.JPG,58.85264904183334,-137.09555224991666,"[1438, 834, 1467, 908]",0
JHI_FullSurvey_75m_Flight_01_00506.JPG,58.84595757675,-137.1030690134722,"[405, 1736, 487, 1825]",84510.0
JHI_FullSurvey_75m_Flight_01_00506.JPG,58.84595757675,-137.1030690134722,"[156, 1620, 250, 1667]",84510.0
JHI_FullSurvey_75m_Flight_01_00506.JPG,58.84595757675,-137.1030690134722,"[330, 1697, 373, 1799]",84510.0
JHI_FullSurvey_75m_Flight_01_00506.JPG,58.84595757675,-137.1030690134722,"[1783, 1340, 1827, 1429]",24005.5
JHI_FullSurvey_75m_Flight_01_00506.JPG,58.84595757675,-137.1030690134722,"[1628, 1348, 1716, 1381]",23422.5
JHI_FullSurvey_75m_Flight_01_00506.JPG,58.84595757675,-137.1030690134722,"[1776, 1416, 1803, 1473]",24005.5
JHI_FullSurvey_75m_Flight_01_00506.JPG,58.84595757675,-137.1030690134722,"[2832, 1701, 2895, 1779]",15426.5
JHI_FullSurvey_75m_Flight_01_00506.JPG,58.84595757675,-137.1030690134722,"[2804, 1678, 2876, 1710]",15426.5
JHI_FullSurvey_75m_Flight_01_00506.JPG,58.84595757675,-137.1030690134722,"[1732, 2123, 1819, 2154]",24534.0
JHI_FullSurvey_75m_Flight_01_00506.JPG,58.84595757675,-137.1030690134722,"[1688, 2146, 1747, 2186]",24534.0
JHI_FullSurvey_75m_Flight_01_00506.JPG,58.84595757675,-137.1030690134722,"[385, 3255, 450, 3309]",9550.5
JHI_FullSurvey_75m_Flight_01_00506.JPG,58.84595757675,-137.1030690134722,"[2991, 3222, 3070, 3253]",18543.0
JHI_FullSurvey_75m_Flight_01_00506.JPG,58.84595757675,-137.1030690134722,"[5910, 3247, 5962, 3292]",41847.5
JHI_FullSurvey_75m_Flight_01_00506.JPG,58.84595757675,-137.1030690134722,"[640, 3278, 689, 3313]",11402.0
JHI_FullSurvey_75m_Flight_01_00506.JPG,58.84595757675,-137.1030690134722,"[456, 923, 507, 982]",13371.5
JHI_FullSurvey_75m_Flight_01_00507.JPG,58.84573805130556,-137.10337242994444,"[1011, 508, 1072, 575]",21056.5
JHI_FullSurvey_75m_Flight_01_00507.JPG,58.84573805130556,-137.10337242994444,"[1011, 586, 1062, 639]",21056.5
JHI_FullSurvey_75m_Flight_01_00507.JPG,58.84573805130556,-137.10337242994444,"[262, 1763, 356, 1797]",19112.5
JHI_FullSurvey_75m_Flight_01_00507.JPG,58.84573805130556,-137.10337242994444,"[262, 3510, 304, 3597]",0
JHI_FullSurvey_75m_Flight_01_00507.JPG,58.84573805130556,-137.10337242994444,"[138, 3699, 241, 3738]",0
JHI_FullSurvey_75m_Flight_01_00507.JPG,58.84573805130556,-137.10337242994444,"[1869, 3729, 1919, 3761]",18465.0
JHI_FullSurvey_75m_Flight_01_00507.JPG,58.84573805130556,-137.10337242994444,"[2017, 3719, 2059, 3807]",19465.5
JHI_FullSurvey_75m_Flight_01_00507.JPG,58.84573805130556,-137.10337242994444,"[2010, 3790, 2036, 3840]",19465.5
JHI_FullSurvey_75m_Flight_01_00507.JPG,58.84573805130556,-137.10337242994444,"[1920, 3736, 1953, 3759]",18465.0
JHI_FullSurvey_75m_Flight_01_00507.JPG,58.84573805130556,-137.10337242994444,"[787, 3332, 827, 3402]",10044.5
JHI_FullSurvey_75m_Flight_01_00507.JPG,58.84573805130556,-137.10337242994444,"[530, 3975, 600, 3999]",11490.0
JHI_FullSurvey_75m_Flight_01_00507.JPG,58.84573805130556,-137.10337242994444,"[2248, 640, 2324, 691]",15061.5
JHI_FullSurvey_75m_Flight_01_00507.JPG,58.84573805130556,-137.10337242994444,"[3796, 929, 3839, 965]",34899.0
JHI_FullSurvey_75m_Flight_01_00507.JPG,58.84573805130556,-137.10337242994444,"[3846, 882, 3882, 979]",34899.0
JHI_FullSurvey_75m_Flight_01_00512.JPG,58.84465947997222,-137.1048916763611,"[742, 569, 807, 609]",13591.5
JHI_FullSurvey_75m_Flight_01_00512.JPG,58.84465947997222,-137.1048916763611,"[702, 572, 738, 639]",13591.5
JHI_FullSurvey_75m_Flight_01_00512.JPG,58.84465947997222,-137.1048916763611,"[2193, 1799, 2229, 1878]",14405.0
JHI_FullSurvey_75m_Flight_01_00512.JPG,58.84465947997222,-137.1048916763611,"[3068, 1579, 3135, 1663]",17680.5
JHI_FullSurvey_75m_Flight_01_00512.JPG,58.84465947997222,-137.1048916763611,"[3062, 1610, 3095, 1675]",17680.5
JHI_FullSurvey_75m_Flight_01_00512.JPG,58.84465947997222,-137.1048916763611,"[730, 2119, 806, 2202]",37912.5
JHI_FullSurvey_75m_Flight_01_00512.JPG,58.84465947997222,-137.1048916763611,"[1337, 2774, 1378, 2859]",33553.5
JHI_FullSurvey_75m_Flight_01_00512.JPG,58.84465947997222,-137.1048916763611,"[1693, 2934, 1725, 3025]",8104.0
JHI_FullSurvey_75m_Flight_01_00512.JPG,58.84465947997222,-137.1048916763611,"[2294, 667, 2322, 741]",8397.0
JHI_FullSurvey_75m_Flight_01_00512.JPG,58.84465947997222,-137.1048916763611,"[2285, 640, 2372, 671]",8397.0
JHI_FullSurvey_75m_Flight_01_00512.JPG,58.84465947997222,-137.1048916763611,"[704, 640, 743, 670]",13591.5
JHI_FullSurvey_75m_Flight_01_00513.JPG,58.84444508697222,-137.10518801327777,"[2409, 515, 2464, 597]",40083.5
JHI_FullSurvey_75m_Flight_01_00513.JPG,58.84444508697222,-137.10518801327777,"[4095, 0, 4140, 25]",3418.5
JHI_FullSurvey_75m_Flight_01_00513.JPG,58.84444508697222,-137.10518801327777,"[11, 1760, 46, 1859]",5497.0
JHI_FullSurvey_75m_Flight_01_00513.JPG,58.84444508697222,-137.10518801327777,"[2184, 2777, 2270, 2815]",8909.0
JHI_FullSurvey_75m_Flight_01_00513.JPG,58.84444508697222,-137.10518801327777,"[2195, 2811, 2223, 2877]",8909.0
JHI_FullSurvey_75m_Flight_01_00513.JPG,58.84444508697222,-137.10518801327777,"[681, 2692, 743, 2721]",18695.5
JHI_FullSurvey_75m_Flight_01_00513.JPG,58.84444508697222,-137.10518801327777,"[641, 2683, 681, 2786]",18695.5
JHI_FullSurvey_75m_Flight_01_00513.JPG,58.84444508697222,-137.10518801327777,"[2938, 3703, 3003, 3776]",15626.0
JHI_FullSurvey_75m_Flight_01_00513.JPG,58.84444508697222,-137.10518801327777,"[2932, 3731, 2963, 3790]",15626.0
JHI_FullSurvey_75m_Flight_01_00513.JPG,58.84444508697222,-137.10518801327777,"[2071, 3898, 2109, 3975]",12348.5
JHI_FullSurvey_75m_Flight_01_00515.JPG,58.84401134425,-137.1057970148333,"[1719, 483, 1749, 546]",0
JHI_FullSurvey_75m_Flight_01_00515.JPG,58.84401134425,-137.1057970148333,"[3522, 413, 3603, 454]",37595.0
JHI_FullSurvey_75m_Flight_01_00515.JPG,58.84401134425,-137.1057970148333,"[1016, 77, 1093, 166]",20895.0
JHI_FullSurvey_75m_Flight_01_00515.JPG,58.84401134425,-137.1057970148333,"[1082, 113, 1108, 191]",20895.0
JHI_FullSurvey_75m_Flight_01_00515.JPG,58.84401134425,-137.1057970148333,"[297, 2952, 375, 2988]",3926.5
JHI_FullSurvey_75m_Flight_01_00515.JPG,58.84401134425,-137.1057970148333,"[5541, 2623, 5605, 2660]",11132.0
JHI_FullSurvey_75m_Flight_01_00515.JPG,58.84401134425,-137.1057970148333,"[5542, 2664, 5594, 2694]",11132.0
JHI_FullSurvey_75m_Flight_01_00515.JPG,58.84401134425,-137.1057970148333,"[4076, 3922, 4110, 3979]",7959.5
JHI_FullSurvey_75m_Flight_01_00515.JPG,58.84401134425,-137.1057970148333,"[4711, 3943, 4743, 3997]",17464.5
JHI_FullSurvey_75m_Flight_01_00515.JPG,58.84401134425,-137.1057970148333,"[828, 1046, 917, 1118]",24101.5
JHI_FullSurvey_75m_Flight_01_00516.JPG,58.843658511861115,-137.10441558366665,"[931, 215, 984, 264]",14468.0
JHI_FullSurvey_75m_Flight_01_00516.JPG,58.843658511861115,-137.10441558366665,"[916, 269, 1005, 316]",14468.0
JHI_FullSurvey_75m_Flight_01_00516.JPG,58.843658511861115,-137.10441558366665,"[3319, 2859, 3408, 2901]",23861.5
JHI_FullSurvey_75m_Flight_01_00516.JPG,58.843658511861115,-137.10441558366665,"[3389, 2783, 3412, 2853]",23861.5
JHI_FullSurvey_75m_Flight_01_00516.JPG,58.843658511861115,-137.10441558366665,"[3989, 2904, 4042, 2986]",14430.0
JHI_FullSurvey_75m_Flight_01_00516.JPG,58.843658511861115,-137.10441558366665,"[661, 2922, 705, 3020]",21742.5
JHI_FullSurvey_75m_Flight_01_00516.JPG,58.843658511861115,-137.10441558366665,"[665, 3021, 715, 3068]",21742.5
JHI_FullSurvey_75m_Flight_01_00516.JPG,58.843658511861115,-137.10441558366665,"[1833, 3217, 1879, 3288]",55919.5
JHI_FullSurvey_75m_Flight_01_00516.JPG,58.843658511861115,-137.10441558366665,"[3095, 3647, 3149, 3681]",8118.5
JHI_FullSurvey_75m_Flight_01_00516.JPG,58.843658511861115,-137.10441558366665,"[3200, 3468, 3278, 3506]",15770.5
JHI_FullSurvey_75m_Flight_01_00516.JPG,58.843658511861115,-137.10441558366665,"[3206, 3510, 3260, 3555]",15770.5
JHI_FullSurvey_75m_Flight_01_00516.JPG,58.843658511861115,-137.10441558366665,"[5506, 3243, 5610, 3283]",30491.5
JHI_FullSurvey_75m_Flight_01_00520.JPG,58.844582532555556,-137.10310993541665,"[1578, 541, 1652, 610]",5895.0
JHI_FullSurvey_75m_Flight_01_00520.JPG,58.844582532555556,-137.10310993541665,"[1472, 433, 1534, 463]",3992.5
JHI_FullSurvey_75m_Flight_01_00520.JPG,58.844582532555556,-137.10310993541665,"[2044, 579, 2068, 639]",30802.5
JHI_FullSurvey_75m_Flight_01_00520.JPG,58.844582532555556,-137.10310993541665,"[2061, 598, 2130, 639]",30802.5
JHI_FullSurvey_75m_Flight_01_00520.JPG,58.844582532555556,-137.10310993541665,"[1134, 88, 1177, 191]",17376.5
JHI_FullSurvey_75m_Flight_01_00520.JPG,58.844582532555556,-137.10310993541665,"[3404, 1471, 3475, 1521]",12218.5
JHI_FullSurvey_75m_Flight_01_00520.JPG,58.844582532555556,-137.10310993541665,"[27, 2385, 118, 2427]",33880.5
JHI_FullSurvey_75m_Flight_01_00520.JPG,58.844582532555556,-137.10310993541665,"[1393, 1929, 1473, 1972]",23781.0
JHI_FullSurvey_75m_Flight_01_00520.JPG,58.844582532555556,-137.10310993541665,"[2019, 3121, 2071, 3199]",7406.5
JHI_FullSurvey_75m_Flight_01_00520.JPG,58.844582532555556,-137.10310993541665,"[2720, 3041, 2751, 3118]",68706.0
JHI_FullSurvey_75m_Flight_01_00520.JPG,58.844582532555556,-137.10310993541665,"[3909, 3876, 4001, 3931]",25369.0
JHI_FullSurvey_75m_Flight_01_00520.JPG,58.844582532555556,-137.10310993541665,"[2121, 927, 2171, 949]",11981.0
JHI_FullSurvey_75m_Flight_01_00520.JPG,58.844582532555556,-137.10310993541665,"[2058, 640, 2102, 682]",30802.5
JHI_FullSurvey_75m_Flight_01_00524.JPG,58.84544446133334,-137.10189264458333,"[403, 311, 492, 348]",16746.5
JHI_FullSurvey_75m_Flight_01_00524.JPG,58.84544446133334,-137.10189264458333,"[415, 288, 482, 314]",16746.5
JHI_FullSurvey_75m_Flight_01_00524.JPG,58.84544446133334,-137.10189264458333,"[5697, 147, 5759, 205]",41943.0
JHI_FullSurvey_75m_Flight_01_00524.JPG,58.84544446133334,-137.10189264458333,"[5760, 167, 5788, 221]",41943.0
JHI_FullSurvey_75m_Flight_01_00524.JPG,58.84544446133334,-137.10189264458333,"[1140, 1503, 1174, 1568]",24455.5
JHI_FullSurvey_75m_Flight_01_00524.JPG,58.84544446133334,-137.10189264458333,"[483, 2494, 558, 2522]",0
JHI_FullSurvey_75m_Flight_01_00524.JPG,58.84544446133334,-137.10189264458333,"[1605, 2216, 1702, 2262]",28045.0
JHI_FullSurvey_75m_Flight_01_00524.JPG,58.84544446133334,-137.10189264458333,"[1618, 2172, 1643, 2236]",28045.0
JHI_FullSurvey_75m_Flight_01_00524.JPG,58.84544446133334,-137.10189264458333,"[1430, 2035, 1511, 2073]",36591.5
JHI_FullSurvey_75m_Flight_01_00524.JPG,58.84544446133334,-137.10189264458333,"[1494, 2054, 1515, 2117]",36591.5
JHI_FullSurvey_75m_Flight_01_00524.JPG,58.84544446133334,-137.10189264458333,"[672, 2506, 710, 2553]",15711.0
JHI_FullSurvey_75m_Flight_01_00524.JPG,58.84544446133334,-137.10189264458333,"[5542, 2591, 5636, 2675]",30038.0
JHI_FullSurvey_75m_Flight_01_00524.JPG,58.84544446133334,-137.10189264458333,"[5541, 2690, 5624, 2719]",30038.0
JHI_FullSurvey_75m_Flight_01_00524.JPG,58.84544446133334,-137.10189264458333,"[68, 3417, 105, 3499]",8829.0
JHI_FullSurvey_75m_Flight_01_00524.JPG,58.84544446133334,-137.10189264458333,"[1727, 3513, 1806, 3569]",87049.0
JHI_FullSurvey_75m_Flight_01_00524.JPG,58.84544446133334,-137.10189264458333,"[1858, 3592, 1917, 3622]",87049.0
JHI_FullSurvey_75m_Flight_01_00524.JPG,58.84544446133334,-137.10189264458333,"[1883, 3555, 1919, 3594]",87049.0
JHI_FullSurvey_75m_Flight_01_00524.JPG,58.84544446133334,-137.10189264458333,"[1920, 3532, 1976, 3586]",87049.0
JHI_FullSurvey_75m_Flight_01_00524.JPG,58.84544446133334,-137.10189264458333,"[800, 3575, 850, 3609]",26773.0
JHI_FullSurvey_75m_Flight_01_00524.JPG,58.84544446133334,-137.10189264458333,"[759, 3569, 795, 3643]",26773.0
JHI_FullSurvey_75m_Flight_01_00524.JPG,58.84544446133334,-137.10189264458333,"[4625, 644, 4723, 700]",100290.5
JHI_FullSurvey_75m_Flight_01_00525.JPG,58.84566371308333,-137.10157709352777,"[2564, 81, 2638, 134]",32777.5
JHI_FullSurvey_75m_Flight_01_00525.JPG,58.84566371308333,-137.10157709352777,"[91, 1314, 198, 1360]",18059.5
JHI_FullSurvey_75m_Flight_01_00525.JPG,58.84566371308333,-137.10157709352777,"[130, 1284, 189, 1325]",18059.5
JHI_FullSurvey_75m_Flight_01_00525.JPG,58.84566371308333,-137.10157709352777,"[2560, 1564, 2615, 1661]",75267.0
JHI_FullSurvey_75m_Flight_01_00525.JPG,58.84566371308333,-137.10157709352777,"[1409, 2071, 1515, 2106]",38114.0
JHI_FullSurvey_75m_Flight_01_00525.JPG,58.84566371308333,-137.10157709352777,"[1419, 2030, 1470, 2059]",38114.0
JHI_FullSurvey_75m_Flight_01_00525.JPG,58.84566371308333,-137.10157709352777,"[4968, 2527, 5023, 2559]",49685.5
JHI_FullSurvey_75m_Flight_01_00525.JPG,58.84566371308333,-137.10157709352777,"[5326, 2015, 5375, 2075]",14477.0
JHI_FullSurvey_75m_Flight_01_00525.JPG,58.84566371308333,-137.10157709352777,"[3971, 2968, 4072, 3019]",158908.5
JHI_FullSurvey_75m_Flight_01_00525.JPG,58.84566371308333,-137.10157709352777,"[4975, 2560, 5043, 2599]",49685.5
JHI_FullSurvey_75m_Flight_01_00525.JPG,58.84566371308333,-137.10157709352777,"[428, 3766, 468, 3840]",20609.5
JHI_FullSurvey_75m_Flight_01_00525.JPG,58.84566371308333,-137.10157709352777,"[2076, 1183, 2126, 1264]",53275.5
JHI_FullSurvey_75m_Flight_01_00525.JPG,58.84566371308333,-137.10157709352777,"[2264, 1115, 2311, 1187]",53275.5
JHI_FullSurvey_75m_Flight_01_00525.JPG,58.84566371308333,-137.10157709352777,"[2834, 889, 2891, 922]",50146.5
JHI_FullSurvey_75m_Flight_01_00525.JPG,58.84566371308333,-137.10157709352777,"[5561, 881, 5592, 966]",21356.5
JHI_FullSurvey_75m_Flight_01_00526.JPG,58.845881044361114,-137.1012822398611,"[4117, 177, 4167, 208]",40937.0
JHI_FullSurvey_75m_Flight_01_00526.JPG,58.845881044361114,-137.1012822398611,"[4121, 71, 4159, 164]",40937.0
JHI_FullSurvey_75m_Flight_01_00526.JPG,58.845881044361114,-137.1012822398611,"[4953, 217, 5041, 267]",4812.0
JHI_FullSurvey_75m_Flight_01_00526.JPG,58.845881044361114,-137.1012822398611,"[1595, 1611, 1641, 1706]",22723.0
JHI_FullSurvey_75m_Flight_01_00526.JPG,58.845881044361114,-137.1012822398611,"[3017, 1726, 3070, 1771]",307132.0
JHI_FullSurvey_75m_Flight_01_00526.JPG,58.845881044361114,-137.1012822398611,"[3017, 1769, 3101, 1832]",307132.0
JHI_FullSurvey_75m_Flight_01_00526.JPG,58.845881044361114,-137.1012822398611,"[4931, 1829, 5001, 1916]",155424.0
JHI_FullSurvey_75m_Flight_01_00526.JPG,58.845881044361114,-137.1012822398611,"[5016, 1803, 5065, 1832]",155424.0
JHI_FullSurvey_75m_Flight_01_00526.JPG,58.845881044361114,-137.1012822398611,"[754, 1387, 804, 1430]",31681.5
JHI_FullSurvey_75m_Flight_01_00526.JPG,58.845881044361114,-137.1012822398611,"[798, 1386, 833, 1480]",31681.5
JHI_FullSurvey_75m_Flight_01_00526.JPG,58.845881044361114,-137.1012822398611,"[949, 1280, 981, 1330]",18710.0
JHI_FullSurvey_75m_Flight_01_00526.JPG,58.845881044361114,-137.1012822398611,"[3118, 2259, 3191, 2315]",307132.0
JHI_FullSurvey_75m_Flight_01_00526.JPG,58.845881044361114,-137.1012822398611,"[3159, 2017, 3199, 2054]",307132.0
JHI_FullSurvey_75m_Flight_01_00526.JPG,58.845881044361114,-137.1012822398611,"[3349, 2051, 3408, 2114]",307132.0
JHI_FullSurvey_75m_Flight_01_00526.JPG,58.845881044361114,-137.1012822398611,"[3721, 1920, 3758, 1985]",307132.0
JHI_FullSurvey_75m_Flight_01_00526.JPG,58.845881044361114,-137.1012822398611,"[3200, 2022, 3238, 2075]",307132.0
JHI_FullSurvey_75m_Flight_01_00526.JPG,58.845881044361114,-137.1012822398611,"[3840, 2001, 3900, 2035]",128856.0
JHI_FullSurvey_75m_Flight_01_00526.JPG,58.845881044361114,-137.1012822398611,"[3920, 1992, 3957, 2084]",128856.0
JHI_FullSurvey_75m_Flight_01_00526.JPG,58.845881044361114,-137.1012822398611,"[3392, 3057, 3447, 3099]",30431.5
JHI_FullSurvey_75m_Flight_01_00526.JPG,58.845881044361114,-137.1012822398611,"[2641, 3357, 2689, 3432]",16495.5
JHI_FullSurvey_75m_Flight_01_00526.JPG,58.845881044361114,-137.1012822398611,"[2831, 3283, 2871, 3370]",24644.5
JHI_FullSurvey_75m_Flight_01_00526.JPG,58.845881044361114,-137.1012822398611,"[3118, 3743, 3174, 3828]",48309.5
JHI_FullSurvey_75m_Flight_01_00526.JPG,58.845881044361114,-137.1012822398611,"[4787, 3477, 4825, 3536]",2773.5
JHI_FullSurvey_75m_Flight_01_00526.JPG,58.845881044361114,-137.1012822398611,"[752, 3472, 849, 3516]",19358.5
JHI_FullSurvey_75m_Flight_01_00526.JPG,58.845881044361114,-137.1012822398611,"[787, 3440, 840, 3481]",19358.5
JHI_FullSurvey_75m_Flight_01_00526.JPG,58.845881044361114,-137.1012822398611,"[3465, 1165, 3518, 1230]",99701.0
JHI_FullSurvey_75m_Flight_01_00527.JPG,58.846095509583336,-137.10098164644444,"[1889, 111, 1919, 148]",9192.5
JHI_FullSurvey_75m_Flight_01_00527.JPG,58.846095509583336,-137.10098164644444,"[2000, 38, 2042, 119]",13089.0
JHI_FullSurvey_75m_Flight_01_00527.JPG,58.846095509583336,-137.10098164644444,"[1920, 90, 1966, 141]",9192.5
JHI_FullSurvey_75m_Flight_01_00527.JPG,58.846095509583336,-137.10098164644444,"[1043, 280, 1137, 318]",10490.0
JHI_FullSurvey_75m_Flight_01_00527.JPG,58.846095509583336,-137.10098164644444,"[791, 205, 826, 292]",3252.5
JHI_FullSurvey_75m_Flight_01_00527.JPG,58.846095509583336,-137.10098164644444,"[555, 1591, 624, 1624]",27133.5
JHI_FullSurvey_75m_Flight_01_00527.JPG,58.846095509583336,-137.10098164644444,"[4145, 2283, 4197, 2321]",46795.0
JHI_FullSurvey_75m_Flight_01_00527.JPG,58.846095509583336,-137.10098164644444,"[4149, 2178, 4187, 2279]",46795.0
JHI_FullSurvey_75m_Flight_01_00527.JPG,58.846095509583336,-137.10098164644444,"[4973, 2287, 5063, 2323]",4355.0
JHI_FullSurvey_75m_Flight_01_00527.JPG,58.846095509583336,-137.10098164644444,"[3552, 3304, 3606, 3365]",35494.0
JHI_FullSurvey_75m_Flight_01_00527.JPG,58.846095509583336,-137.10098164644444,"[872, 3648, 919, 3691]",24044.5
JHI_FullSurvey_75m_Flight_01_00527.JPG,58.846095509583336,-137.10098164644444,"[916, 3650, 953, 3742]",24044.5
JHI_FullSurvey_75m_Flight_01_00527.JPG,58.846095509583336,-137.10098164644444,"[1053, 3525, 1100, 3576]",16567.5
JHI_FullSurvey_75m_Flight_01_00527.JPG,58.846095509583336,-137.10098164644444,"[1723, 3840, 1771, 3930]",14023.0
JHI_FullSurvey_75m_Flight_01_00527.JPG,58.846095509583336,-137.10098164644444,"[3147, 3865, 3196, 3919]",24357.0
JHI_FullSurvey_75m_Flight_01_00527.JPG,58.846095509583336,-137.10098164644444,"[3150, 3916, 3199, 3980]",24357.0
JHI_FullSurvey_75m_Flight_01_00527.JPG,58.846095509583336,-137.10098164644444,"[3200, 3914, 3229, 3948]",24357.0
JHI_FullSurvey_75m_Flight_01_00527.JPG,58.846095509583336,-137.10098164644444,"[5043, 3869, 5110, 3945]",42727.0
JHI_FullSurvey_75m_Flight_01_00527.JPG,58.846095509583336,-137.10098164644444,"[5122, 3840, 5171, 3854]",42727.0
JHI_FullSurvey_75m_Flight_01_00527.JPG,58.846095509583336,-137.10098164644444,"[4664, 868, 4721, 912]",44372.5
JHI_FullSurvey_75m_Flight_01_00528.JPG,58.846315723194444,-137.1006759913889,"[2167, 1896, 2195, 1919]",70629.5
JHI_FullSurvey_75m_Flight_01_00528.JPG,58.846315723194444,-137.1006759913889,"[5157, 1827, 5197, 1890]",69830.5
JHI_FullSurvey_75m_Flight_01_00528.JPG,58.846315723194444,-137.1006759913889,"[5969, 1438, 5999, 1487]",4543.0
JHI_FullSurvey_75m_Flight_01_00528.JPG,58.846315723194444,-137.1006759913889,"[1218, 1432, 1267, 1489]",2839.5
JHI_FullSurvey_75m_Flight_01_00528.JPG,58.846315723194444,-137.1006759913889,"[1280, 2276, 1311, 2295]",12318.5
JHI_FullSurvey_75m_Flight_01_00528.JPG,58.846315723194444,-137.1006759913889,"[2070, 2156, 2148, 2211]",70629.5
JHI_FullSurvey_75m_Flight_01_00528.JPG,58.846315723194444,-137.1006759913889,"[2180, 2117, 2223, 2193]",70629.5
JHI_FullSurvey_75m_Flight_01_00528.JPG,58.846315723194444,-137.1006759913889,"[2164, 1920, 2194, 1975]",70629.5
JHI_FullSurvey_75m_Flight_01_00528.JPG,58.846315723194444,-137.1006759913889,"[2140, 2089, 2200, 2117]",70629.5
JHI_FullSurvey_75m_Flight_01_00528.JPG,58.846315723194444,-137.1006759913889,"[4156, 2101, 4229, 2149]",34914.0
JHI_FullSurvey_75m_Flight_01_00528.JPG,58.846315723194444,-137.1006759913889,"[4432, 2099, 4479, 2172]",13234.5
JHI_FullSurvey_75m_Flight_01_00528.JPG,58.846315723194444,-137.1006759913889,"[5004, 1920, 5094, 1953]",69830.5
JHI_FullSurvey_75m_Flight_01_00528.JPG,58.846315723194444,-137.1006759913889,"[1213, 2275, 1279, 2307]",12318.5
JHI_FullSurvey_75m_Flight_01_00528.JPG,58.846315723194444,-137.1006759913889,"[970, 2173, 1002, 2255]",3265.0
JHI_FullSurvey_75m_Flight_01_00528.JPG,58.846315723194444,-137.1006759913889,"[4748, 3088, 4786, 3188]",18203.5
JHI_FullSurvey_75m_Flight_01_00528.JPG,58.846315723194444,-137.1006759913889,"[665, 3524, 737, 3561]",20803.0
JHI_FullSurvey_75m_Flight_01_00528.JPG,58.846315723194444,-137.1006759913889,"[323, 1048, 357, 1108]",48880.0
JHI_FullSurvey_75m_Flight_01_00528.JPG,58.846315723194444,-137.1006759913889,"[444, 1086, 477, 1161]",48880.0
JHI_FullSurvey_75m_Flight_01_00528.JPG,58.846315723194444,-137.1006759913889,"[362, 1035, 396, 1137]",48880.0
JHI_FullSurvey_75m_Flight_01_00528.JPG,58.846315723194444,-137.1006759913889,"[1738, 1028, 1836, 1068]",24621.0
JHI_FullSurvey_75m_Flight_01_00528.JPG,58.846315723194444,-137.1006759913889,"[1737, 1064, 1804, 1087]",24621.0
JHI_FullSurvey_75m_Flight_01_00529.JPG,58.84652919338889,-137.10037076777778,"[5543, 2587, 5582, 2648]",6230.0
JHI_FullSurvey_75m_Flight_01_00529.JPG,58.84652919338889,-137.10037076777778,"[162, 3300, 195, 3367]",46681.0
JHI_FullSurvey_75m_Flight_01_00529.JPG,58.84652919338889,-137.10037076777778,"[288, 3342, 323, 3418]",46681.0
JHI_FullSurvey_75m_Flight_01_00529.JPG,58.84652919338889,-137.10037076777778,"[204, 3293, 240, 3387]",46681.0
JHI_FullSurvey_75m_Flight_01_00529.JPG,58.84652919338889,-137.10037076777778,"[1602, 3304, 1669, 3329]",23034.0
JHI_FullSurvey_75m_Flight_01_00529.JPG,58.84652919338889,-137.10037076777778,"[1603, 3271, 1702, 3310]",23034.0
JHI_FullSurvey_75m_Flight_01_00529.JPG,58.84652919338889,-137.10037076777778,"[5775, 3585, 5851, 3660]",15100.5
JHI_FullSurvey_75m_Flight_01_00529.JPG,58.84652919338889,-137.10037076777778,"[1078, 3669, 1123, 3728]",6428.5
JHI_FullSurvey_75m_Flight_01_00529.JPG,58.84652919338889,-137.10037076777778,"[1103, 3650, 1210, 3687]",6428.5
JHI_FullSurvey_75m_Flight_01_00529.JPG,58.84652919338889,-137.10037076777778,"[5355, 844, 5436, 890]",35156.5
JHI_FullSurvey_75m_Flight_01_00529.JPG,58.84652919338889,-137.10037076777778,"[5384, 824, 5431, 865]",35156.5
JHI_FullSurvey_75m_Flight_01_00618.JPG,58.84568777119445,-137.09965545061112,"[501, 61, 574, 138]",10464.0
JHI_FullSurvey_75m_Flight_01_00618.JPG,58.84568777119445,-137.09965545061112,"[400, 362, 445, 414]",15693.5
JHI_FullSurvey_75m_Flight_01_00618.JPG,58.84568777119445,-137.09965545061112,"[126, 259, 165, 363]",9504.0
JHI_FullSurvey_75m_Flight_01_00618.JPG,58.84568777119445,-137.09965545061112,"[372, 410, 466, 447]",15693.5
JHI_FullSurvey_75m_Flight_01_00618.JPG,58.84568777119445,-137.09965545061112,"[5704, 230, 5752, 299]",27461.0
JHI_FullSurvey_75m_Flight_01_00618.JPG,58.84568777119445,-137.09965545061112,"[5725, 305, 5759, 337]",27461.0
JHI_FullSurvey_75m_Flight_01_00618.JPG,58.84568777119445,-137.09965545061112,"[1071, 230, 1099, 301]",6348.0
JHI_FullSurvey_75m_Flight_01_00618.JPG,58.84568777119445,-137.09965545061112,"[1196, 263, 1222, 328]",15840.5
JHI_FullSurvey_75m_Flight_01_00618.JPG,58.84568777119445,-137.09965545061112,"[1231, 262, 1279, 313]",15840.5
JHI_FullSurvey_75m_Flight_01_00618.JPG,58.84568777119445,-137.09965545061112,"[387, 1737, 459, 1775]",3908.5
JHI_FullSurvey_75m_Flight_01_00618.JPG,58.84568777119445,-137.09965545061112,"[1488, 1882, 1538, 1919]",378124.0
JHI_FullSurvey_75m_Flight_01_00618.JPG,58.84568777119445,-137.09965545061112,"[2045, 1695, 2093, 1760]",46381.0
JHI_FullSurvey_75m_Flight_01_00618.JPG,58.84568777119445,-137.09965545061112,"[2039, 1717, 2127, 1808]",46381.0
JHI_FullSurvey_75m_Flight_01_00618.JPG,58.84568777119445,-137.09965545061112,"[1296, 2254, 1362, 2286]",378124.0
JHI_FullSurvey_75m_Flight_01_00618.JPG,58.84568777119445,-137.09965545061112,"[1327, 2280, 1424, 2327]",378124.0
JHI_FullSurvey_75m_Flight_01_00618.JPG,58.84568777119445,-137.09965545061112,"[1451, 1920, 1519, 1943]",378124.0
JHI_FullSurvey_75m_Flight_01_00618.JPG,58.84568777119445,-137.09965545061112,"[645, 1924, 726, 1950]",12350.0
JHI_FullSurvey_75m_Flight_01_00618.JPG,58.84568777119445,-137.09965545061112,"[1998, 2848, 2032, 2948]",88464.5
JHI_FullSurvey_75m_Flight_01_00618.JPG,58.84568777119445,-137.09965545061112,"[5508, 2961, 5569, 2996]",10294.5
JHI_FullSurvey_75m_Flight_01_00618.JPG,58.84568777119445,-137.09965545061112,"[5466, 2991, 5573, 3035]",10294.5
JHI_FullSurvey_75m_Flight_01_00618.JPG,58.84568777119445,-137.09965545061112,"[2620, 3677, 2708, 3730]",122094.5
JHI_FullSurvey_75m_Flight_01_00618.JPG,58.84568777119445,-137.09965545061112,"[2852, 3700, 2884, 3789]",122094.5
JHI_FullSurvey_75m_Flight_01_00618.JPG,58.84568777119445,-137.09965545061112,"[3066, 902, 3132, 960]",496063.5
JHI_FullSurvey_75m_Flight_01_00618.JPG,58.84568777119445,-137.09965545061112,"[3025, 949, 3068, 1008]",496063.5
JHI_FullSurvey_75m_Flight_01_00618.JPG,58.84568777119445,-137.09965545061112,"[2888, 785, 2937, 888]",496063.5
JHI_FullSurvey_75m_Flight_01_00618.JPG,58.84568777119445,-137.09965545061112,"[774, 975, 827, 1049]",13593.5
JHI_FullSurvey_75m_Flight_01_00618.JPG,58.84568777119445,-137.09965545061112,"[791, 1058, 866, 1120]",7715.5
JHI_FullSurvey_75m_Flight_01_00619.JPG,58.84547196430556,-137.09995828686112,"[3892, 155, 3967, 226]",25063.0
JHI_FullSurvey_75m_Flight_01_00619.JPG,58.84547196430556,-137.09995828686112,"[3881, 208, 3922, 271]",25063.0
JHI_FullSurvey_75m_Flight_01_00619.JPG,58.84547196430556,-137.09995828686112,"[804, 123, 869, 190]",23751.0
JHI_FullSurvey_75m_Flight_01_00619.JPG,58.84547196430556,-137.09995828686112,"[2262, 1414, 2331, 1478]",64460.5
JHI_FullSurvey_75m_Flight_01_00619.JPG,58.84547196430556,-137.09995828686112,"[692, 1818, 728, 1903]",15944.5
JHI_FullSurvey_75m_Flight_01_00619.JPG,58.84547196430556,-137.09995828686112,"[528, 2507, 616, 2541]",29314.5
JHI_FullSurvey_75m_Flight_01_00619.JPG,58.84547196430556,-137.09995828686112,"[294, 2350, 328, 2441]",11320.5
JHI_FullSurvey_75m_Flight_01_00619.JPG,58.84547196430556,-137.09995828686112,"[551, 2462, 594, 2511]",29314.5
JHI_FullSurvey_75m_Flight_01_00619.JPG,58.84547196430556,-137.09995828686112,"[575, 2432, 639, 2507]",29314.5
JHI_FullSurvey_75m_Flight_01_00619.JPG,58.84547196430556,-137.09995828686112,"[1320, 2387, 1343, 2449]",19387.0
JHI_FullSurvey_75m_Flight_01_00619.JPG,58.84547196430556,-137.09995828686112,"[1352, 2388, 1470, 2450]",19387.0
JHI_FullSurvey_75m_Flight_01_00619.JPG,58.84547196430556,-137.09995828686112,"[5778, 2529, 5812, 2559]",29958.0
JHI_FullSurvey_75m_Flight_01_00619.JPG,58.84547196430556,-137.09995828686112,"[1198, 2361, 1230, 2417]",8023.5
JHI_FullSurvey_75m_Flight_01_00619.JPG,58.84547196430556,-137.09995828686112,"[658, 2177, 724, 2241]",15285.5
JHI_FullSurvey_75m_Flight_01_00619.JPG,58.84547196430556,-137.09995828686112,"[3084, 3138, 3122, 3194]",161863.0
JHI_FullSurvey_75m_Flight_01_00619.JPG,58.84547196430556,-137.09995828686112,"[3123, 3087, 3187, 3157]",161863.0
JHI_FullSurvey_75m_Flight_01_00619.JPG,58.84547196430556,-137.09995828686112,"[2957, 2977, 3002, 3074]",161863.0
JHI_FullSurvey_75m_Flight_01_00619.JPG,58.84547196430556,-137.09995828686112,"[5761, 2560, 5808, 2597]",29958.0
JHI_FullSurvey_75m_Flight_01_00619.JPG,58.84547196430556,-137.09995828686112,"[5781, 2602, 5829, 2633]",29958.0
JHI_FullSurvey_75m_Flight_01_00619.JPG,58.84547196430556,-137.09995828686112,"[895, 3056, 947, 3125]",43448.5
JHI_FullSurvey_75m_Flight_01_00619.JPG,58.84547196430556,-137.09995828686112,"[909, 3141, 979, 3197]",43448.5
JHI_FullSurvey_75m_Flight_01_00619.JPG,58.84547196430556,-137.09995828686112,"[504, 3771, 572, 3803]",2417.0
JHI_FullSurvey_75m_Flight_01_00619.JPG,58.84547196430556,-137.09995828686112,"[2107, 3803, 2145, 3839]",31133.0
JHI_FullSurvey_75m_Flight_01_00619.JPG,58.84547196430556,-137.09995828686112,"[1553, 3962, 1610, 3996]",25768.0
JHI_FullSurvey_75m_Flight_01_00619.JPG,58.84547196430556,-137.09995828686112,"[1503, 3971, 1580, 4000]",25768.0
JHI_FullSurvey_75m_Flight_01_00619.JPG,58.84547196430556,-137.09995828686112,"[2094, 3840, 2166, 3915]",31133.0
JHI_FullSurvey_75m_Flight_01_00619.JPG,58.84547196430556,-137.09995828686112,"[744, 3952, 825, 3980]",5742.5
JHI_FullSurvey_75m_Flight_01_00619.JPG,58.84547196430556,-137.09995828686112,"[557, 1132, 639, 1168]",122827.5
JHI_FullSurvey_75m_Flight_01_00619.JPG,58.84547196430556,-137.09995828686112,"[3118, 935, 3199, 978]",153124.0
JHI_FullSurvey_75m_Flight_01_00619.JPG,58.84547196430556,-137.09995828686112,"[3081, 1052, 3110, 1128]",3876.0
JHI_FullSurvey_75m_Flight_01_00621.JPG,58.84504210269445,-137.10056448130555,"[2673, 410, 2767, 458]",4862.5
JHI_FullSurvey_75m_Flight_01_00621.JPG,58.84504210269445,-137.10056448130555,"[4313, 259, 4391, 299]",27811.5
JHI_FullSurvey_75m_Flight_01_00621.JPG,58.84504210269445,-137.10056448130555,"[4268, 293, 4317, 325]",27811.5
JHI_FullSurvey_75m_Flight_01_00621.JPG,58.84504210269445,-137.10056448130555,"[1825, 1375, 1883, 1414]",96293.0
JHI_FullSurvey_75m_Flight_01_00621.JPG,58.84504210269445,-137.10056448130555,"[1370, 1457, 1409, 1531]",40559.0
JHI_FullSurvey_75m_Flight_01_00621.JPG,58.84504210269445,-137.10056448130555,"[1812, 1325, 1910, 1385]",96293.0
JHI_FullSurvey_75m_Flight_01_00621.JPG,58.84504210269445,-137.10056448130555,"[2997, 1567, 3069, 1602]",17485.5
JHI_FullSurvey_75m_Flight_01_00621.JPG,58.84504210269445,-137.10056448130555,"[4377, 1390, 4421, 1482]",33450.5
JHI_FullSurvey_75m_Flight_01_00621.JPG,58.84504210269445,-137.10056448130555,"[4355, 1425, 4383, 1500]",33450.5
JHI_FullSurvey_75m_Flight_01_00621.JPG,58.84504210269445,-137.10056448130555,"[5417, 1424, 5479, 1478]",13722.5
JHI_FullSurvey_75m_Flight_01_00621.JPG,58.84504210269445,-137.10056448130555,"[5167, 1323, 5204, 1410]",10430.5
JHI_FullSurvey_75m_Flight_01_00621.JPG,58.84504210269445,-137.10056448130555,"[1307, 2143, 1346, 2244]",8448.0
JHI_FullSurvey_75m_Flight_01_00621.JPG,58.84504210269445,-137.10056448130555,"[1352, 2136, 1379, 2206]",8448.0
JHI_FullSurvey_75m_Flight_01_00621.JPG,58.84504210269445,-137.10056448130555,"[4857, 1944, 4889, 2028]",21526.0
JHI_FullSurvey_75m_Flight_01_00621.JPG,58.84504210269445,-137.10056448130555,"[2274, 2737, 2333, 2762]",18524.5
JHI_FullSurvey_75m_Flight_01_00621.JPG,58.84504210269445,-137.10056448130555,"[2257, 2666, 2360, 2728]",18524.5
JHI_FullSurvey_75m_Flight_01_00621.JPG,58.84504210269445,-137.10056448130555,"[1101, 2731, 1196, 2778]",12015.5
JHI_FullSurvey_75m_Flight_01_00621.JPG,58.84504210269445,-137.10056448130555,"[1835, 3395, 1877, 3476]",8752.0
JHI_FullSurvey_75m_Flight_01_00621.JPG,58.84504210269445,-137.10056448130555,"[3321, 3603, 3366, 3690]",15192.5
JHI_FullSurvey_75m_Flight_01_00621.JPG,58.84504210269445,-137.10056448130555,"[3592, 3553, 3681, 3590]",0
JHI_FullSurvey_75m_Flight_01_00621.JPG,58.84504210269445,-137.10056448130555,"[2729, 842, 2776, 945]",13856.5
JHI_FullSurvey_75m_Flight_01_00621.JPG,58.84504210269445,-137.10056448130555,"[3712, 685, 3779, 713]",27930.0
JHI_FullSurvey_75m_Flight_01_00621.JPG,58.84504210269445,-137.10056448130555,"[3690, 641, 3777, 696]",27930.0
JHI_FullSurvey_75m_Flight_01_00622.JPG,58.84481733563889,-137.10086906994445,"[2383, 271, 2445, 359]",5766.0
JHI_FullSurvey_75m_Flight_01_00622.JPG,58.84481733563889,-137.10086906994445,"[2538, 208, 2559, 306]",5373.5
JHI_FullSurvey_75m_Flight_01_00622.JPG,58.84481733563889,-137.10086906994445,"[4437, 90, 4479, 123]",17966.0
JHI_FullSurvey_75m_Flight_01_00622.JPG,58.84481733563889,-137.10086906994445,"[4427, 0, 4479, 69]",17966.0
JHI_FullSurvey_75m_Flight_01_00622.JPG,58.84481733563889,-137.10086906994445,"[4480, 14, 4511, 78]",17966.0
JHI_FullSurvey_75m_Flight_01_00622.JPG,58.84481733563889,-137.10086906994445,"[4480, 111, 4546, 152]",17966.0
JHI_FullSurvey_75m_Flight_01_00622.JPG,58.84481733563889,-137.10086906994445,"[4481, 0, 4549, 20]",17966.0
JHI_FullSurvey_75m_Flight_01_00622.JPG,58.84481733563889,-137.10086906994445,"[4480, 82, 4538, 120]",17966.0
JHI_FullSurvey_75m_Flight_01_00622.JPG,58.84481733563889,-137.10086906994445,"[4893, 1280, 4923, 1307]",66875.5
JHI_FullSurvey_75m_Flight_01_00622.JPG,58.84481733563889,-137.10086906994445,"[2512, 2883, 2555, 2933]",9265.5
JHI_FullSurvey_75m_Flight_01_00622.JPG,58.84481733563889,-137.10086906994445,"[2682, 3163, 2730, 3199]",12194.0
JHI_FullSurvey_75m_Flight_01_00622.JPG,58.84481733563889,-137.10086906994445,"[2627, 2731, 2717, 2776]",4731.5
JHI_FullSurvey_75m_Flight_01_00622.JPG,58.84481733563889,-137.10086906994445,"[3613, 2948, 3707, 3000]",27689.0
JHI_FullSurvey_75m_Flight_01_00622.JPG,58.84481733563889,-137.10086906994445,"[3648, 2988, 3710, 3015]",27689.0
JHI_FullSurvey_75m_Flight_01_00622.JPG,58.84481733563889,-137.10086906994445,"[4185, 2613, 4239, 2643]",29456.0
JHI_FullSurvey_75m_Flight_01_00622.JPG,58.84481733563889,-137.10086906994445,"[4232, 2577, 4311, 2614]",29456.0
JHI_FullSurvey_75m_Flight_01_00622.JPG,58.84481733563889,-137.10086906994445,"[1791, 3601, 1887, 3663]",79602.5
JHI_FullSurvey_75m_Flight_01_00622.JPG,58.84481733563889,-137.10086906994445,"[1370, 3726, 1407, 3801]",32460.0
JHI_FullSurvey_75m_Flight_01_00622.JPG,58.84481733563889,-137.10086906994445,"[1803, 3653, 1857, 3689]",79602.5
JHI_FullSurvey_75m_Flight_01_00622.JPG,58.84481733563889,-137.10086906994445,"[2682, 3200, 2715, 3246]",12194.0
JHI_FullSurvey_75m_Flight_01_00622.JPG,58.84481733563889,-137.10086906994445,"[4276, 3702, 4302, 3766]",28689.5
JHI_FullSurvey_75m_Flight_01_00622.JPG,58.84481733563889,-137.10086906994445,"[4298, 3663, 4344, 3755]",28689.5
JHI_FullSurvey_75m_Flight_01_00622.JPG,58.84481733563889,-137.10086906994445,"[5071, 3596, 5110, 3681]",10020.0
JHI_FullSurvey_75m_Flight_01_00622.JPG,58.84481733563889,-137.10086906994445,"[5325, 3695, 5385, 3752]",11523.5
JHI_FullSurvey_75m_Flight_01_00622.JPG,58.84481733563889,-137.10086906994445,"[2947, 3840, 3014, 3869]",11705.0
JHI_FullSurvey_75m_Flight_01_00622.JPG,58.84481733563889,-137.10086906994445,"[1512, 1209, 1569, 1242]",30267.0
JHI_FullSurvey_75m_Flight_01_00622.JPG,58.84481733563889,-137.10086906994445,"[1572, 1164, 1608, 1279]",30267.0
JHI_FullSurvey_75m_Flight_01_00622.JPG,58.84481733563889,-137.10086906994445,"[1467, 1243, 1562, 1278]",30267.0
JHI_FullSurvey_75m_Flight_01_00622.JPG,58.84481733563889,-137.10086906994445,"[4866, 1225, 4922, 1279]",66875.5
JHI_FullSurvey_75m_Flight_01_00622.JPG,58.84481733563889,-137.10086906994445,"[4772, 1015, 4803, 1099]",0
JHI_FullSurvey_75m_Flight_01_00622.JPG,58.84481733563889,-137.10086906994445,"[5304, 1161, 5346, 1274]",5048.5
JHI_FullSurvey_75m_Flight_01_00624.JPG,58.84439175236111,-137.10147949558333,"[429, 0, 507, 40]",5070.5
JHI_FullSurvey_75m_Flight_01_00624.JPG,58.84439175236111,-137.10147949558333,"[496, 1, 554, 31]",5070.5
JHI_FullSurvey_75m_Flight_01_00624.JPG,58.84439175236111,-137.10147949558333,"[2024, 310, 2088, 381]",10450.0
JHI_FullSurvey_75m_Flight_01_00624.JPG,58.84439175236111,-137.10147949558333,"[2328, 135, 2412, 215]",41640.5
JHI_FullSurvey_75m_Flight_01_00624.JPG,58.84439175236111,-137.10147949558333,"[2348, 98, 2419, 142]",41640.5
JHI_FullSurvey_75m_Flight_01_00624.JPG,58.84439175236111,-137.10147949558333,"[3763, 463, 3829, 502]",11154.5
JHI_FullSurvey_75m_Flight_01_00624.JPG,58.84439175236111,-137.10147949558333,"[898, 72, 957, 158]",46036.0
JHI_FullSurvey_75m_Flight_01_00624.JPG,58.84439175236111,-137.10147949558333,"[960, 0, 1019, 66]",46036.0
JHI_FullSurvey_75m_Flight_01_00624.JPG,58.84439175236111,-137.10147949558333,"[863, 0, 903, 68]",46036.0
JHI_FullSurvey_75m_Flight_01_00624.JPG,58.84439175236111,-137.10147949558333,"[782, 35, 832, 108]",46036.0
JHI_FullSurvey_75m_Flight_01_00624.JPG,58.84439175236111,-137.10147949558333,"[260, 1430, 298, 1514]",6907.0
JHI_FullSurvey_75m_Flight_01_00624.JPG,58.84439175236111,-137.10147949558333,"[139, 2287, 244, 2351]",43224.5
JHI_FullSurvey_75m_Flight_01_00624.JPG,58.84439175236111,-137.10147949558333,"[118, 2300, 146, 2370]",43224.5
JHI_FullSurvey_75m_Flight_01_00624.JPG,58.84439175236111,-137.10147949558333,"[2597, 2427, 2689, 2477]",56520.5
JHI_FullSurvey_75m_Flight_01_00624.JPG,58.84439175236111,-137.10147949558333,"[612, 2979, 639, 2998]",7705.0
JHI_FullSurvey_75m_Flight_01_00624.JPG,58.84439175236111,-137.10147949558333,"[1368, 2841, 1423, 2891]",22045.0
JHI_FullSurvey_75m_Flight_01_00624.JPG,58.84439175236111,-137.10147949558333,"[1413, 2889, 1458, 2982]",22045.0
JHI_FullSurvey_75m_Flight_01_00624.JPG,58.84439175236111,-137.10147949558333,"[1684, 2985, 1761, 3048]",24574.5
JHI_FullSurvey_75m_Flight_01_00624.JPG,58.84439175236111,-137.10147949558333,"[2635, 2560, 2746, 2594]",56520.5
JHI_FullSurvey_75m_Flight_01_00624.JPG,58.84439175236111,-137.10147949558333,"[2583, 2560, 2640, 2629]",56520.5
JHI_FullSurvey_75m_Flight_01_00624.JPG,58.84439175236111,-137.10147949558333,"[640, 2977, 694, 3003]",7705.0
JHI_FullSurvey_75m_Flight_01_00624.JPG,58.84439175236111,-137.10147949558333,"[2530, 3633, 2556, 3699]",23991.5
JHI_FullSurvey_75m_Flight_01_00624.JPG,58.84439175236111,-137.10147949558333,"[2560, 3607, 2620, 3702]",23991.5
JHI_FullSurvey_75m_Flight_01_00624.JPG,58.84439175236111,-137.10147949558333,"[2654, 3307, 2689, 3352]",0
JHI_FullSurvey_75m_Flight_01_00624.JPG,58.84439175236111,-137.10147949558333,"[5042, 3715, 5119, 3762]",6228.0
JHI_FullSurvey_75m_Flight_01_00624.JPG,58.84439175236111,-137.10147949558333,"[4816, 3787, 4844, 3839]",6928.5
JHI_FullSurvey_75m_Flight_01_00624.JPG,58.84439175236111,-137.10147949558333,"[5385, 3513, 5425, 3608]",9188.0
JHI_FullSurvey_75m_Flight_01_00624.JPG,58.84439175236111,-137.10147949558333,"[3914, 3865, 4001, 3926]",24152.0
JHI_FullSurvey_75m_Flight_01_00624.JPG,58.84439175236111,-137.10147949558333,"[3870, 3918, 3940, 3997]",24152.0
JHI_FullSurvey_75m_Flight_01_00624.JPG,58.84439175236111,-137.10147949558333,"[4811, 3840, 4844, 3871]",6928.5
JHI_FullSurvey_75m_Flight_01_00624.JPG,58.84439175236111,-137.10147949558333,"[5293, 3982, 5363, 3999]",16049.0
JHI_FullSurvey_75m_Flight_01_00624.JPG,58.84439175236111,-137.10147949558333,"[888, 3918, 922, 3999]",9104.0
JHI_FullSurvey_75m_Flight_01_00624.JPG,58.84439175236111,-137.10147949558333,"[2, 857, 81, 898]",4487.0
JHI_FullSurvey_75m_Flight_01_00624.JPG,58.84439175236111,-137.10147949558333,"[3901, 1155, 3943, 1251]",10514.0
JHI_FullSurvey_75m_Flight_01_00624.JPG,58.84439175236111,-137.10147949558333,"[5302, 680, 5333, 741]",7806.0
JHI_FullSurvey_75m_Flight_01_00635.JPG,58.84364942266667,-137.10063844513888,"[134, 265, 208, 309]",9086.0
JHI_FullSurvey_75m_Flight_01_00635.JPG,58.84364942266667,-137.10063844513888,"[2954, 565, 2990, 639]",112606.0
JHI_FullSurvey_75m_Flight_01_00635.JPG,58.84364942266667,-137.10063844513888,"[2910, 474, 2973, 548]",112606.0
JHI_FullSurvey_75m_Flight_01_00635.JPG,58.84364942266667,-137.10063844513888,"[3601, 115, 3706, 167]",22634.5
JHI_FullSurvey_75m_Flight_01_00635.JPG,58.84364942266667,-137.10063844513888,"[3671, 79, 3710, 145]",22634.5
JHI_FullSurvey_75m_Flight_01_00635.JPG,58.84364942266667,-137.10063844513888,"[566, 1619, 639, 1656]",21390.5
JHI_FullSurvey_75m_Flight_01_00635.JPG,58.84364942266667,-137.10063844513888,"[607, 1559, 631, 1618]",21390.5
JHI_FullSurvey_75m_Flight_01_00635.JPG,58.84364942266667,-137.10063844513888,"[231, 2391, 286, 2476]",24332.0
JHI_FullSurvey_75m_Flight_01_00635.JPG,58.84364942266667,-137.10063844513888,"[161, 2496, 210, 2559]",24332.0
JHI_FullSurvey_75m_Flight_01_00635.JPG,58.84364942266667,-137.10063844513888,"[1591, 1920, 1624, 1990]",23936.5
JHI_FullSurvey_75m_Flight_01_00635.JPG,58.84364942266667,-137.10063844513888,"[1467, 1928, 1522, 2019]",23936.5
JHI_FullSurvey_75m_Flight_01_00635.JPG,58.84364942266667,-137.10063844513888,"[159, 2560, 197, 2589]",24332.0
JHI_FullSurvey_75m_Flight_01_00635.JPG,58.84364942266667,-137.10063844513888,"[201, 2560, 236, 2598]",24332.0
JHI_FullSurvey_75m_Flight_01_00635.JPG,58.84364942266667,-137.10063844513888,"[2598, 3080, 2664, 3144]",45810.0
JHI_FullSurvey_75m_Flight_01_00635.JPG,58.84364942266667,-137.10063844513888,"[2561, 3167, 2615, 3200]",45810.0
JHI_FullSurvey_75m_Flight_01_00635.JPG,58.84364942266667,-137.10063844513888,"[553, 3473, 591, 3544]",7255.5
JHI_FullSurvey_75m_Flight_01_00635.JPG,58.84364942266667,-137.10063844513888,"[2466, 3207, 2545, 3285]",45810.0
JHI_FullSurvey_75m_Flight_01_00635.JPG,58.84364942266667,-137.10063844513888,"[2563, 3201, 2634, 3275]",45810.0
JHI_FullSurvey_75m_Flight_01_00635.JPG,58.84364942266667,-137.10063844513888,"[2560, 3200, 2599, 3227]",45810.0
JHI_FullSurvey_75m_Flight_01_00635.JPG,58.84364942266667,-137.10063844513888,"[552, 3966, 625, 3996]",15122.0
JHI_FullSurvey_75m_Flight_01_00635.JPG,58.84364942266667,-137.10063844513888,"[226, 1077, 326, 1135]",44488.0
JHI_FullSurvey_75m_Flight_01_00635.JPG,58.84364942266667,-137.10063844513888,"[238, 1197, 304, 1222]",44488.0
JHI_FullSurvey_75m_Flight_01_00635.JPG,58.84364942266667,-137.10063844513888,"[300, 1143, 371, 1222]",44488.0
JHI_FullSurvey_75m_Flight_01_00635.JPG,58.84364942266667,-137.10063844513888,"[548, 798, 627, 852]",22501.5
JHI_FullSurvey_75m_Flight_01_00635.JPG,58.84364942266667,-137.10063844513888,"[2963, 680, 3016, 754]",112606.0
JHI_FullSurvey_75m_Flight_01_00635.JPG,58.84364942266667,-137.10063844513888,"[2944, 863, 3000, 920]",112606.0
JHI_FullSurvey_75m_Flight_01_00635.JPG,58.84364942266667,-137.10063844513888,"[2762, 640, 2845, 678]",112606.0
JHI_FullSurvey_75m_Flight_01_00635.JPG,58.84364942266667,-137.10063844513888,"[2807, 677, 2876, 754]",112606.0
JHI_FullSurvey_75m_Flight_01_00635.JPG,58.84364942266667,-137.10063844513888,"[2812, 723, 2863, 799]",112606.0
JHI_FullSurvey_75m_Flight_01_00635.JPG,58.84364942266667,-137.10063844513888,"[2860, 640, 2933, 697]",112606.0
JHI_FullSurvey_75m_Flight_01_00635.JPG,58.84364942266667,-137.10063844513888,"[2942, 640, 2978, 670]",112606.0
JHI_FullSurvey_75m_Flight_01_00635.JPG,58.84364942266667,-137.10063844513888,"[3524, 723, 3601, 749]",15046.5
JHI_FullSurvey_75m_Flight_01_00635.JPG,58.84364942266667,-137.10063844513888,"[3519, 737, 3627, 780]",15046.5
JHI_FullSurvey_75m_Flight_01_00635.JPG,58.84364942266667,-137.10063844513888,"[4923, 1081, 4971, 1149]",14291.0
JHI_FullSurvey_75m_Flight_01_00635.JPG,58.84364942266667,-137.10063844513888,"[4940, 1108, 5018, 1208]",14291.0
JHI_FullSurvey_75m_Flight_01_00635.JPG,58.84364942266667,-137.10063844513888,"[5350, 1198, 5416, 1279]",20935.5
JHI_FullSurvey_75m_Flight_01_00635.JPG,58.84364942266667,-137.10063844513888,"[5315, 1184, 5340, 1246]",20935.5
JHI_FullSurvey_75m_Flight_01_00635.JPG,58.84364942266667,-137.10063844513888,"[5760, 853, 5838, 888]",8809.0
JHI_FullSurvey_75m_Flight_01_00636.JPG,58.84386423966667,-137.10032883116665,"[183, 424, 226, 503]",16358.0
JHI_FullSurvey_75m_Flight_01_00636.JPG,58.84386423966667,-137.10032883116665,"[1612, 121, 1687, 179]",12790.5
JHI_FullSurvey_75m_Flight_01_00636.JPG,58.84386423966667,-137.10032883116665,"[2599, 192, 2629, 273]",15241.0
JHI_FullSurvey_75m_Flight_01_00636.JPG,58.84386423966667,-137.10032883116665,"[0, 1280, 34, 1343]",5593.0
JHI_FullSurvey_75m_Flight_01_00636.JPG,58.84386423966667,-137.10032883116665,"[3538, 1613, 3620, 1663]",16320.5
JHI_FullSurvey_75m_Flight_01_00636.JPG,58.84386423966667,-137.10032883116665,"[731, 1372, 795, 1421]",26559.0
JHI_FullSurvey_75m_Flight_01_00636.JPG,58.84386423966667,-137.10032883116665,"[714, 1332, 791, 1419]",26559.0
JHI_FullSurvey_75m_Flight_01_00636.JPG,58.84386423966667,-137.10032883116665,"[465, 2035, 536, 2099]",22161.5
JHI_FullSurvey_75m_Flight_01_00636.JPG,58.84386423966667,-137.10032883116665,"[452, 1945, 513, 2037]",22161.5
JHI_FullSurvey_75m_Flight_01_00636.JPG,58.84386423966667,-137.10032883116665,"[514, 1982, 537, 2041]",22161.5
JHI_FullSurvey_75m_Flight_01_00636.JPG,58.84386423966667,-137.10032883116665,"[3389, 2443, 3493, 2492]",21597.0
JHI_FullSurvey_75m_Flight_01_00636.JPG,58.84386423966667,-137.10032883116665,"[3457, 2408, 3496, 2473]",21597.0
JHI_FullSurvey_75m_Flight_01_00636.JPG,58.84386423966667,-137.10032883116665,"[298, 3066, 381, 3124]",20774.5
JHI_FullSurvey_75m_Flight_01_00636.JPG,58.84386423966667,-137.10032883116665,"[2650, 2950, 2724, 3018]",105868.0
JHI_FullSurvey_75m_Flight_01_00636.JPG,58.84386423966667,-137.10032883116665,"[2764, 3004, 2806, 3079]",105868.0
JHI_FullSurvey_75m_Flight_01_00636.JPG,58.84386423966667,-137.10032883116665,"[2733, 2891, 2782, 2989]",105868.0
JHI_FullSurvey_75m_Flight_01_00636.JPG,58.84386423966667,-137.10032883116665,"[2709, 2797, 2763, 2868]",105868.0
JHI_FullSurvey_75m_Flight_01_00636.JPG,58.84386423966667,-137.10032883116665,"[2560, 2949, 2637, 2994]",105868.0
JHI_FullSurvey_75m_Flight_01_00636.JPG,58.84386423966667,-137.10032883116665,"[2606, 3038, 2656, 3111]",105868.0
JHI_FullSurvey_75m_Flight_01_00636.JPG,58.84386423966667,-137.10032883116665,"[2599, 2996, 2667, 3070]",105868.0
JHI_FullSurvey_75m_Flight_01_00636.JPG,58.84386423966667,-137.10032883116665,"[3310, 3045, 3386, 3072]",12974.5
JHI_FullSurvey_75m_Flight_01_00636.JPG,58.84386423966667,-137.10032883116665,"[3308, 3059, 3411, 3097]",12974.5
JHI_FullSurvey_75m_Flight_01_00636.JPG,58.84386423966667,-137.10032883116665,"[5481, 3184, 5539, 3199]",8707.0
JHI_FullSurvey_75m_Flight_01_00636.JPG,58.84386423966667,-137.10032883116665,"[0, 3345, 63, 3404]",28981.5
JHI_FullSurvey_75m_Flight_01_00636.JPG,58.84386423966667,-137.10032883116665,"[34, 3406, 111, 3491]",28981.5
JHI_FullSurvey_75m_Flight_01_00636.JPG,58.84386423966667,-137.10032883116665,"[0, 3461, 41, 3489]",28981.5
JHI_FullSurvey_75m_Flight_01_00636.JPG,58.84386423966667,-137.10032883116665,"[2736, 3200, 2787, 3234]",105868.0
JHI_FullSurvey_75m_Flight_01_00636.JPG,58.84386423966667,-137.10032883116665,"[4672, 3398, 4719, 3468]",12931.5
JHI_FullSurvey_75m_Flight_01_00636.JPG,58.84386423966667,-137.10032883116665,"[4688, 3428, 4762, 3521]",12931.5
JHI_FullSurvey_75m_Flight_01_00636.JPG,58.84386423966667,-137.10032883116665,"[5052, 3501, 5076, 3569]",18657.5
JHI_FullSurvey_75m_Flight_01_00636.JPG,58.84386423966667,-137.10032883116665,"[5086, 3527, 5119, 3573]",18657.5
JHI_FullSurvey_75m_Flight_01_00636.JPG,58.84386423966667,-137.10032883116665,"[5120, 3537, 5150, 3597]",18657.5
JHI_FullSurvey_75m_Flight_01_00636.JPG,58.84386423966667,-137.10032883116665,"[5469, 3200, 5551, 3220]",8707.0
JHI_FullSurvey_75m_Flight_01_00636.JPG,58.84386423966667,-137.10032883116665,"[345, 3840, 370, 3890]",19455.0
JHI_FullSurvey_75m_Flight_01_00636.JPG,58.84386423966667,-137.10032883116665,"[301, 3891, 400, 3929]",19455.0
JHI_FullSurvey_75m_Flight_01_00636.JPG,58.84386423966667,-137.10032883116665,"[1409, 817, 1492, 847]",11049.0
JHI_FullSurvey_75m_Flight_01_00636.JPG,58.84386423966667,-137.10032883116665,"[3888, 674, 3924, 763]",14244.5
JHI_FullSurvey_75m_Flight_01_00636.JPG,58.84386423966667,-137.10032883116665,"[3856, 723, 3891, 778]",14244.5
JHI_FullSurvey_75m_Flight_01_00641.JPG,58.844948470333335,-137.09880844819446,"[1870, 0, 1909, 60]",6289.0
JHI_FullSurvey_75m_Flight_01_00641.JPG,58.844948470333335,-137.09880844819446,"[2120, 143, 2208, 208]",30769.5
JHI_FullSurvey_75m_Flight_01_00641.JPG,58.844948470333335,-137.09880844819446,"[2275, 168, 2303, 250]",3057.0
JHI_FullSurvey_75m_Flight_01_00641.JPG,58.844948470333335,-137.09880844819446,"[2477, 377, 2494, 406]",13501.5
JHI_FullSurvey_75m_Flight_01_00641.JPG,58.844948470333335,-137.09880844819446,"[3155, 72, 3199, 114]",0
JHI_FullSurvey_75m_Flight_01_00641.JPG,58.844948470333335,-137.09880844819446,"[1925, 1475, 2004, 1503]",21997.5
JHI_FullSurvey_75m_Flight_01_00641.JPG,58.844948470333335,-137.09880844819446,"[5195, 1407, 5229, 1502]",11531.5
JHI_FullSurvey_75m_Flight_01_00641.JPG,58.844948470333335,-137.09880844819446,"[5231, 1422, 5255, 1483]",11531.5
JHI_FullSurvey_75m_Flight_01_00641.JPG,58.844948470333335,-137.09880844819446,"[5280, 1714, 5384, 1753]",5729.5
JHI_FullSurvey_75m_Flight_01_00641.JPG,58.844948470333335,-137.09880844819446,"[5170, 1827, 5247, 1859]",15585.0
JHI_FullSurvey_75m_Flight_01_00641.JPG,58.844948470333335,-137.09880844819446,"[640, 1457, 687, 1513]",15400.5
JHI_FullSurvey_75m_Flight_01_00641.JPG,58.844948470333335,-137.09880844819446,"[4296, 2234, 4377, 2291]",117219.0
JHI_FullSurvey_75m_Flight_01_00641.JPG,58.844948470333335,-137.09880844819446,"[4350, 2054, 4410, 2120]",117219.0
JHI_FullSurvey_75m_Flight_01_00641.JPG,58.844948470333335,-137.09880844819446,"[4375, 2211, 4396, 2274]",117219.0
JHI_FullSurvey_75m_Flight_01_00641.JPG,58.844948470333335,-137.09880844819446,"[4480, 2184, 4513, 2215]",9510.0
JHI_FullSurvey_75m_Flight_01_00641.JPG,58.844948470333335,-137.09880844819446,"[5154, 2210, 5194, 2295]",13506.5
JHI_FullSurvey_75m_Flight_01_00641.JPG,58.844948470333335,-137.09880844819446,"[4748, 2799, 4796, 2859]",9377.0
JHI_FullSurvey_75m_Flight_01_00641.JPG,58.844948470333335,-137.09880844819446,"[5275, 3047, 5309, 3124]",20027.5
JHI_FullSurvey_75m_Flight_01_00641.JPG,58.844948470333335,-137.09880844819446,"[5701, 2599, 5743, 2663]",8663.0
JHI_FullSurvey_75m_Flight_01_00641.JPG,58.844948470333335,-137.09880844819446,"[5315, 3124, 5348, 3199]",20027.5
JHI_FullSurvey_75m_Flight_01_00641.JPG,58.844948470333335,-137.09880844819446,"[5937, 2560, 5999, 2605]",5258.0
JHI_FullSurvey_75m_Flight_01_00641.JPG,58.844948470333335,-137.09880844819446,"[0, 3434, 87, 3488]",6607.0
JHI_FullSurvey_75m_Flight_01_00641.JPG,58.844948470333335,-137.09880844819446,"[3200, 3255, 3260, 3301]",2765.0
JHI_FullSurvey_75m_Flight_01_00641.JPG,58.844948470333335,-137.09880844819446,"[4369, 3741, 4401, 3802]",57015.0
JHI_FullSurvey_75m_Flight_01_00641.JPG,58.844948470333335,-137.09880844819446,"[4397, 3755, 4438, 3837]",57015.0
JHI_FullSurvey_75m_Flight_01_00641.JPG,58.844948470333335,-137.09880844819446,"[5231, 3255, 5277, 3323]",20027.5
JHI_FullSurvey_75m_Flight_01_00641.JPG,58.844948470333335,-137.09880844819446,"[223, 1168, 272, 1238]",10204.0
JHI_FullSurvey_75m_Flight_01_00641.JPG,58.844948470333335,-137.09880844819446,"[3122, 853, 3164, 928]",21479.5
JHI_FullSurvey_75m_Flight_01_00641.JPG,58.844948470333335,-137.09880844819446,"[3115, 955, 3191, 987]",21479.5
JHI_FullSurvey_75m_Flight_01_00641.JPG,58.844948470333335,-137.09880844819446,"[714, 967, 792, 998]",11079.5
JHI_FullSurvey_75m_Flight_01_00641.JPG,58.844948470333335,-137.09880844819446,"[814, 1153, 889, 1187]",36094.0
JHI_FullSurvey_75m_Flight_01_00642.JPG,58.84516219969445,-137.098505842,"[2101, 107, 2165, 162]",20380.5
JHI_FullSurvey_75m_Flight_01_00642.JPG,58.84516219969445,-137.098505842,"[592, 1394, 639, 1424]",16430.0
JHI_FullSurvey_75m_Flight_01_00642.JPG,58.84516219969445,-137.098505842,"[3566, 1720, 3625, 1775]",12111.5
JHI_FullSurvey_75m_Flight_01_00642.JPG,58.84516219969445,-137.098505842,"[4547, 1821, 4620, 1870]",238634.5
JHI_FullSurvey_75m_Flight_01_00642.JPG,58.84516219969445,-137.098505842,"[640, 1384, 671, 1420]",16430.0
JHI_FullSurvey_75m_Flight_01_00642.JPG,58.84516219969445,-137.098505842,"[175, 1953, 229, 2002]",6895.5
JHI_FullSurvey_75m_Flight_01_00642.JPG,58.84516219969445,-137.098505842,"[2320, 2280, 2347, 2356]",3122.5
JHI_FullSurvey_75m_Flight_01_00642.JPG,58.84516219969445,-137.098505842,"[2165, 2246, 2255, 2313]",36680.5
JHI_FullSurvey_75m_Flight_01_00642.JPG,58.84516219969445,-137.098505842,"[1925, 2073, 1966, 2150]",11740.0
JHI_FullSurvey_75m_Flight_01_00642.JPG,58.84516219969445,-137.098505842,"[3200, 2206, 3281, 2239]",4342.0
JHI_FullSurvey_75m_Flight_01_00642.JPG,58.84516219969445,-137.098505842,"[3135, 2963, 3179, 3035]",20132.0
JHI_FullSurvey_75m_Flight_01_00642.JPG,58.84516219969445,-137.098505842,"[3105, 3063, 3194, 3094]",20132.0
JHI_FullSurvey_75m_Flight_01_00642.JPG,58.84516219969445,-137.098505842,"[773, 3005, 852, 3033]",11521.5
JHI_FullSurvey_75m_Flight_01_00642.JPG,58.84516219969445,-137.098505842,"[297, 3200, 341, 3246]",8532.5
JHI_FullSurvey_75m_Flight_01_00642.JPG,58.84516219969445,-137.098505842,"[1951, 3527, 2025, 3553]",17437.5
JHI_FullSurvey_75m_Flight_01_00642.JPG,58.84516219969445,-137.098505842,"[5170, 3543, 5203, 3628]",10055.5
JHI_FullSurvey_75m_Flight_01_00642.JPG,58.84516219969445,-137.098505842,"[5204, 3555, 5229, 3614]",10055.5
JHI_FullSurvey_75m_Flight_01_00642.JPG,58.84516219969445,-137.098505842,"[679, 3466, 739, 3538]",14339.5
JHI_FullSurvey_75m_Flight_01_00642.JPG,58.84516219969445,-137.098505842,"[870, 3200, 940, 3223]",32994.0
JHI_FullSurvey_75m_Flight_01_00642.JPG,58.84516219969445,-137.098505842,"[5130, 3947, 5212, 3984]",12039.0
JHI_FullSurvey_75m_Flight_01_00642.JPG,58.84516219969445,-137.098505842,"[5252, 3842, 5345, 3881]",3838.5
JHI_FullSurvey_75m_Flight_01_00642.JPG,58.84516219969445,-137.098505842,"[1550, 848, 1596, 900]",68784.5
JHI_FullSurvey_75m_Flight_01_00642.JPG,58.84516219969445,-137.098505842,"[1539, 912, 1635, 955]",68784.5
JHI_FullSurvey_75m_Flight_01_00642.JPG,58.84516219969445,-137.098505842,"[3213, 952, 3288, 983]",40424.5
JHI_FullSurvey_75m_Flight_01_00642.JPG,58.84516219969445,-137.098505842,"[4021, 1180, 4119, 1236]",235720.5
JHI_FullSurvey_75m_Flight_01_00642.JPG,58.84516219969445,-137.098505842,"[4207, 865, 4254, 948]",235720.5
JHI_FullSurvey_75m_Flight_01_00642.JPG,58.84516219969445,-137.098505842,"[4124, 1193, 4161, 1260]",235720.5
JHI_FullSurvey_75m_Flight_01_00642.JPG,58.84516219969445,-137.098505842,"[4378, 1215, 4441, 1280]",235720.5
JHI_FullSurvey_75m_Flight_01_00642.JPG,58.84516219969445,-137.098505842,"[4276, 1172, 4349, 1231]",235720.5
JHI_FullSurvey_75m_Flight_01_00731.JPG,58.845426414361114,-137.09624306472224,"[1348, 56, 1434, 89]",67158.5
JHI_FullSurvey_75m_Flight_01_00731.JPG,58.845426414361114,-137.09624306472224,"[1953, 597, 2040, 640]",333215.0
JHI_FullSurvey_75m_Flight_01_00731.JPG,58.845426414361114,-137.09624306472224,"[1060, 554, 1154, 603]",255123.5
JHI_FullSurvey_75m_Flight_01_00731.JPG,58.845426414361114,-137.09624306472224,"[1070, 603, 1133, 633]",255123.5
JHI_FullSurvey_75m_Flight_01_00731.JPG,58.845426414361114,-137.09624306472224,"[2406, 1474, 2458, 1520]",71561.5
JHI_FullSurvey_75m_Flight_01_00731.JPG,58.845426414361114,-137.09624306472224,"[2348, 1432, 2390, 1516]",71561.5
JHI_FullSurvey_75m_Flight_01_00731.JPG,58.845426414361114,-137.09624306472224,"[4273, 1980, 4349, 2038]",87585.0
JHI_FullSurvey_75m_Flight_01_00731.JPG,58.845426414361114,-137.09624306472224,"[4373, 1939, 4462, 1987]",87585.0
JHI_FullSurvey_75m_Flight_01_00731.JPG,58.845426414361114,-137.09624306472224,"[4229, 1926, 4327, 1970]",87585.0
JHI_FullSurvey_75m_Flight_01_00731.JPG,58.845426414361114,-137.09624306472224,"[640, 2453, 694, 2485]",25976.5
JHI_FullSurvey_75m_Flight_01_00731.JPG,58.845426414361114,-137.09624306472224,"[640, 2397, 653, 2465]",25976.5
JHI_FullSurvey_75m_Flight_01_00731.JPG,58.845426414361114,-137.09624306472224,"[406, 1216, 503, 1259]",116320.5
JHI_FullSurvey_75m_Flight_01_00731.JPG,58.845426414361114,-137.09624306472224,"[2065, 684, 2092, 743]",333215.0
JHI_FullSurvey_75m_Flight_01_00731.JPG,58.845426414361114,-137.09624306472224,"[3884, 869, 3976, 914]",493516.0
JHI_FullSurvey_75m_Flight_01_00731.JPG,58.845426414361114,-137.09624306472224,"[3857, 888, 3887, 969]",493516.0
JHI_FullSurvey_75m_Flight_01_00736.JPG,58.84434218083334,-137.09776203791668,"[2169, 252, 2222, 292]",25844.5
JHI_FullSurvey_75m_Flight_01_00736.JPG,58.84434218083334,-137.09776203791668,"[2214, 242, 2255, 332]",25844.5
JHI_FullSurvey_75m_Flight_01_00736.JPG,58.84434218083334,-137.09776203791668,"[3454, 2099, 3506, 2142]",104748.5
JHI_FullSurvey_75m_Flight_01_00736.JPG,58.84434218083334,-137.09776203791668,"[3489, 2026, 3521, 2120]",104748.5
JHI_FullSurvey_75m_Flight_01_00736.JPG,58.84434218083334,-137.09776203791668,"[4886, 2180, 4910, 2246]",34440.0
JHI_FullSurvey_75m_Flight_01_00736.JPG,58.84434218083334,-137.09776203791668,"[4756, 2173, 4830, 2257]",34440.0
JHI_FullSurvey_75m_Flight_01_00736.JPG,58.84434218083334,-137.09776203791668,"[5322, 2403, 5393, 2431]",0
JHI_FullSurvey_75m_Flight_01_00736.JPG,58.84434218083334,-137.09776203791668,"[5462, 2599, 5570, 2660]",23875.5
JHI_FullSurvey_75m_Flight_01_00736.JPG,58.84434218083334,-137.09776203791668,"[5513, 2644, 5548, 2708]",23875.5
JHI_FullSurvey_75m_Flight_01_00736.JPG,58.84434218083334,-137.09776203791668,"[5807, 3399, 5894, 3429]",32137.5
JHI_FullSurvey_75m_Flight_01_00740.JPG,58.843478256472224,-137.09897346736113,"[3478, 1389, 3564, 1427]",82656.5
JHI_FullSurvey_75m_Flight_01_00740.JPG,58.843478256472224,-137.09897346736113,"[3600, 1378, 3641, 1464]",82656.5
JHI_FullSurvey_75m_Flight_01_00740.JPG,58.843478256472224,-137.09897346736113,"[3467, 1430, 3530, 1470]",82656.5
JHI_FullSurvey_75m_Flight_01_00740.JPG,58.843478256472224,-137.09897346736113,"[3560, 1431, 3603, 1495]",82656.5
